key;category;rareness;name;slug;desc;category_rn;name_rn;desc_rn
1180516130;BFH_ID_P_CAT_BARREL;RarenessLevel_Standard;BFH_ID_P_ANAME_COMPENSATOR;m16a3-compensator;BFH_ID_P_ADESC_COMPENSATOR;MUZZLE;COMPENSATOR;Reduces vertical recoil by venting muzzle gasses upwards, improving control at a cost to accuracy.
2579026443;BFH_ID_P_CAT_CLOSERANGE;RarenessLevel_Standard;BFH_ID_P_ANAME_RX01;870p-marine-magnum-reflex-rds;BFH_ID_P_ADESC_RX01;CLOSE RANGE;REFLEX [RDS];Red dot sight with a bright aiming point and clear sight picture for rapid target acquisition and tracking.
3853001769;BFH_ID_P_CAT_BARREL;RarenessLevel_Standard;BFH_ID_P_ANAME_COMPENSATOR;ump-45-compensator;BFH_ID_P_ADESC_COMPENSATOR;MUZZLE;COMPENSATOR;Reduces vertical recoil by venting muzzle gasses upwards, improving control at a cost to accuracy.
3167395287;BFH_ID_P_CAT_BARREL;RarenessLevel_Standard;BFH_ID_P_ANAME_HEAVYBARREL;p90-heavy-barrel;BFH_ID_P_ADESC_HEAVYBARREL;MUZZLE;HEAVY BARREL;Free floating heavy barrel improves aimed fire accuracy and slightly decreases recoil, but decreases maneuverability.
1966998893;BFH_ID_P_CAT_CLOSERANGE;RarenessLevel_Standard;BFH_ID_P_ANAME_GHOSTRING;hk45c-ghost-ring;BFH_ID_P_ADESC_GHOSTRING;CLOSE RANGE;IMPROVED IRON SIGHTS;Replaces the standard iron sights with a set of rapid acquisition Improved Iron Sights for a clear sight picture.
2165992032;BFH_ID_P_CAT_LONGRANGE;RarenessLevel_Standard;BFH_ID_P_ANAME_PKS07;saiga-308-pks-07-7x;BFH_ID_P_ADESC_PKS07;LONG RANGE;PKS-07 [7X];7x magnification Russian marksman daylight scope for engaging targets over long distances.
154927165;BFH_ID_P_CAT_BARREL;RarenessLevel_Standard;BFH_ID_P_ANAME_PISTSILEN;hk45c-suppressor;BFH_ID_P_ADESC_PISTSILEN;MUZZLE;SUPPRESSOR;Pistol silencer that increases stealth by hiding your muzzle report and position on the minimap. Reduces bullet velocity and increases bullet drop.
3854275882;BFH_ID_P_CAT_BARREL;RarenessLevel_Standard;BFH_ID_P_ANAME_MUZZLEBR;r700ltr-muzzle-brake;BFH_ID_P_ADESC_MUZZLEBR;MUZZLE;MUZZLE BRAKE;Reduces felt recoil, making the weapon more controllable in rapid fire.
839887900;BFH_ID_P_CAT_BARREL;RarenessLevel_Standard;BFH_ID_P_ANAME_COMPENSATOR;g36c-compensator;BFH_ID_P_ADESC_COMPENSATOR;MUZZLE;COMPENSATOR;Reduces vertical recoil by venting muzzle gasses upwards, improving control at a cost to accuracy.
1984717900;BFH_ID_P_CAT_MEDIUMRANGE;RarenessLevel_Standard;BFH_ID_P_ANAME_PRISMATIC;870p-marine-magnum-prisma-3-4x;BFH_ID_P_ADESC_PRISMATIC;MEDIUM RANGE;;
3541833825;BFH_ID_P_CAT_MEDIUMRANGE;RarenessLevel_Standard;BFH_ID_P_ANAME_ACOG;r700ltr-acog-4x;BFH_ID_P_ADESC_ACOG;MEDIUM RANGE;ACOG [4X];Fixed-power 4x Advanced Combat Optic Gunsight for use in bright to low light at medium range.
917375638;BFH_ID_P_CAT_BARREL;RarenessLevel_Standard;BFH_ID_P_ANAME_FLSHIDER;92fs-flash-hider;BFH_ID_P_ADESC_FLSHIDER;MUZZLE;FLASH HIDER;Reduces or eliminates muzzle flash, making it easier to see the target and harder for enemies to observe the shot origin.
3893998645;BFH_ID_P_CAT_CLOSERANGE;RarenessLevel_Standard;BFH_ID_P_ANAME_COYOTE;p90-coyote-rds;BFH_ID_P_ADESC_COYOTE;CLOSE RANGE;;
3045649432;BFH_ID_P_CAT_ACCESSORY;RarenessLevel_Standard;BFH_ID_P_NAME_EXTENDEDMAG;akm-extended-magazine;BFH_ID_P_DESC_EXTENDEDMAG;ACCESSORY;EXTENDED MAGAZINE;Magazine with additional rounds for less frequent reloading.  Adds a slight penalty to maneuverability.
2216725798;BFH_ID_P_CAT_CLOSERANGE;RarenessLevel_Standard;BFH_ID_P_ANAME_PKAS;ptr-91-pka-s-1x;BFH_ID_P_ADESC_PKAS;CLOSE RANGE;PK-AS [1X];Russian unmagnified holographic sight with excellent light gathering capabilities and a clear field of view.
2929028599;BFH_ID_P_CAT_BARREL;RarenessLevel_Standard;BFH_ID_P_ANAME_HEAVYBARREL;g36c-heavy-barrel;BFH_ID_P_ADESC_HEAVYBARREL;MUZZLE;HEAVY BARREL;Free floating heavy barrel improves aimed fire accuracy and slightly decreases recoil, but decreases maneuverability.
2199266350;BFH_ID_P_CAT_MEDIUMRANGE;RarenessLevel_Standard;BFH_ID_P_ANAME_M145;saiga-308-m145-3-4x;BFH_ID_P_ADESC_M145;MEDIUM RANGE;M145 [3.4X];Fixed-power 3.4x Machine Gun Optic designed for medium to long range engagements.
3506166251;BFH_ID_P_CAT_UNDERBARREL;RarenessLevel_Standard;BFH_ID_P_ANAME_VERTFOR;m16a3-vertical-grip;BFH_ID_P_ADESC_VERTFOR;GRIP;VERTICAL GRIP;Vertical foregrip that provides greater stability when firing your weapon while moving.  Also makes the weapon slightly more stable in unaimed fire.
3207255307;BFH_ID_P_CAT_BARREL;RarenessLevel_Standard;BFH_ID_P_ANAME_MUZZLEBR;uzi-muzzle-brake;BFH_ID_P_ADESC_MUZZLEBR;MUZZLE;MUZZLE BRAKE;Reduces felt recoil, making the weapon more controllable in rapid fire.
641918835;BFH_ID_P_CAT_UNDERBARREL;RarenessLevel_Standard;BFH_ID_P_ANAME_ERGOFOR;mg36-ergo-grip;BFH_ID_P_ADESC_ERGOFOR;GRIP;;
4218033139;BFH_ID_P_CAT_MEDIUMRANGE;RarenessLevel_Standard;BFH_ID_P_ANAME_PSO;ptr-91-pso-1-4x;BFH_ID_P_ADESC_PSO;MEDIUM RANGE;PSO-1 [4X];Fixed-power 4x Russian-made medium range scope.
228046511;BFH_ID_P_CAT_MEDIUMRANGE;RarenessLevel_Standard;BFH_ID_P_ANAME_PRISMATIC;m16a3-prisma-3-4x;BFH_ID_P_ADESC_PRISMATIC;MEDIUM RANGE;;
2936465545;BFH_ID_P_CAT_BARREL;RarenessLevel_Standard;BFH_ID_P_ANAME_FLSHIDER;g36c-flash-hider;BFH_ID_P_ADESC_FLSHIDER;MUZZLE;FLASH HIDER;Reduces or eliminates muzzle flash, making it easier to see the target and harder for enemies to observe the shot origin.
1381841579;BFH_ID_P_CAT_UNDERBARREL;RarenessLevel_Standard;BFH_ID_P_ANAME_STUBBFOR;akm-stubby-grip;BFH_ID_P_ADESC_STUBBFOR;GRIP;STUBBY GRIP;The reduced length of this foregrip makes for a lightweight and strong point of control.  Improves accuracy by reducing the rapid fire penalty and slightly increases maneuverability.
2147149525;BFH_ID_P_CAT_UNDERBARREL;RarenessLevel_Standard;BFH_ID_P_ANAME_VERTFOR;uzi-vertical-grip;BFH_ID_P_ADESC_VERTFOR;GRIP;VERTICAL GRIP;Vertical foregrip that provides greater stability when firing your weapon while moving.  Also makes the weapon slightly more stable in unaimed fire.
2328584385;BFH_ID_P_CAT_MEDIUMRANGE;RarenessLevel_Standard;BFH_ID_P_ANAME_ACOG;akm-acog-4x;BFH_ID_P_ADESC_ACOG;MEDIUM RANGE;ACOG [4X];Fixed-power 4x Advanced Combat Optic Gunsight for use in bright to low light at medium range.
3560249879;BFH_ID_P_CAT_ACCESSORY;RarenessLevel_Standard;BFH_ID_P_ANAME_PISTLASER;hk45c-laser-sight;BFH_ID_P_ADESC_PISTLASER;ACCESSORY;;
1988890040;BFH_ID_P_CAT_CLOSERANGE;RarenessLevel_Standard;BFH_ID_P_ANAME_PKAS;r700ltr-pka-s-1x;BFH_ID_P_ADESC_PKAS;CLOSE RANGE;PK-AS [1X];Russian unmagnified holographic sight with excellent light gathering capabilities and a clear field of view.
2465198342;BFH_ID_P_CAT_CLOSERANGE;RarenessLevel_Standard;BFH_ID_P_ANAME_TRUBRITE;p90-hd-33-1x;BFH_ID_P_ADESC_TRUBRITE;CLOSE RANGE;;
2999189445;BFH_ID_P_CAT_LONGRANGE;RarenessLevel_Standard;BFH_ID_P_ANAME_RIFLE;r700ltr-rifle-scope-8x;BFH_ID_P_ADESC_RIFLE;LONG RANGE;RIFLE SCOPE [8X];US-made 8x magnification rifle scope with ballistic drop compensator to aid in long range fire.
1300044763;BFH_ID_P_CAT_ACCESSORY;RarenessLevel_Standard;BFH_ID_P_ANAME_FLSHLIGHT;uzi-flash-light;BFH_ID_P_ADESC_FLSHLIGHT;ACCESSORY;FLASH LIGHT;Lights up dark corners. Especially blinding against IRNV and FLIR optics.  Be careful as it can give your position away.
464091230;BFH_ID_P_CAT_UNDERBARREL;RarenessLevel_Standard;BFH_ID_P_ANAME_ERGOFOR;m16a3-ergo-grip;BFH_ID_P_ADESC_ERGOFOR;GRIP;;
3037644686;BFH_ID_P_CAT_UNDERBARREL;RarenessLevel_Standard;BFH_ID_P_ANAME_POTATOFOR;m16a3-potato-grip;BFH_ID_P_ADESC_POTATOFOR;GRIP;;
2857786152;BFH_ID_P_CAT_CLOSERANGE;RarenessLevel_Standard;BFH_ID_P_ANAME_TRUBRITE;uzi-hd-33-1x;BFH_ID_P_ADESC_TRUBRITE;CLOSE RANGE;;
1946734964;BFH_ID_P_CAT_MEDIUMRANGE;RarenessLevel_Standard;BFH_ID_P_ANAME_COMPACT4X;g36c-jgm-4-4x;BFH_ID_P_ADESC_COMPACT4X;MEDIUM RANGE;;
4174196061;BFH_ID_P_CAT_CLOSERANGE;RarenessLevel_Standard;BFH_ID_P_ANAME_KOBRA;ptr-91-kobra-rds;BFH_ID_P_ADESC_KOBRA;CLOSE RANGE;KOBRA [RDS];Russian reflex sight with a T bar reticle designed for CQB that keeps the point of aim clear.
2860935876;BFH_ID_P_CAT_CLOSERANGE;RarenessLevel_Standard;BFH_ID_P_ANAME_NOOPTICSNIP;r700ltr-iron-sights;BFH_ID_P_ADESC_NOOPTICSNIP;CLOSE RANGE;IRON SIGHTS;Use weapon's built-in iron sights.
481282446;BFH_ID_P_CAT_ACCESSORY;RarenessLevel_Standard;BFH_ID_P_ANAME_FLSHLIGHT;870p-marine-magnum-flash-light;BFH_ID_P_ADESC_FLSHLIGHT;ACCESSORY;FLASH LIGHT;Lights up dark corners. Especially blinding against IRNV and FLIR optics.  Be careful as it can give your position away.
735039256;BFH_ID_P_CAT_ACCESSORY;RarenessLevel_Standard;BFH_ID_P_ANAME_LASER;ump-45-laser-sight;BFH_ID_P_ADESC_LASER;ACCESSORY;LASER SIGHT;Bright red laser sight improves unaimed fire, making shots more predictable.
540161026;BFH_ID_P_CAT_MEDIUMRANGE;RarenessLevel_Standard;BFH_ID_P_ANAME_PSO;mg36-pso-1-4x;BFH_ID_P_ADESC_PSO;MEDIUM RANGE;PSO-1 [4X];Fixed-power 4x Russian-made medium range scope.
795932218;BFH_ID_P_CAT_BARREL;RarenessLevel_Standard;BFH_ID_P_ANAME_HEAVYBARREL;ptr-91-heavy-barrel;BFH_ID_P_ADESC_HEAVYBARREL;MUZZLE;HEAVY BARREL;Free floating heavy barrel improves aimed fire accuracy and slightly decreases recoil, but decreases maneuverability.
1749586096;BFH_ID_P_CAT_MEDIUMRANGE;RarenessLevel_Standard;BFH_ID_P_ANAME_COMPACT4X;870p-marine-magnum-jgm-4-4x;BFH_ID_P_ADESC_COMPACT4X;MEDIUM RANGE;;
3600682066;BFH_ID_P_CAT_ACCESSORY;RarenessLevel_Standard;BFH_ID_P_ANAME_LASER;870p-marine-magnum-laser-sight;BFH_ID_P_ADESC_LASER;ACCESSORY;LASER SIGHT;Bright red laser sight improves unaimed fire, making shots more predictable.
430284800;BFH_ID_P_CAT_UNDERBARREL;RarenessLevel_Standard;BFH_ID_P_ANAME_FOLDFOR;uzi-folding-grip;BFH_ID_P_ADESC_FOLDFOR;GRIP;;
2703277287;BFH_ID_P_CAT_BARREL;RarenessLevel_Standard;BFH_ID_P_ANAME_SILENCER;r700ltr-suppressor;BFH_ID_P_ADESC_SILENCER;MUZZLE;SUPPRESSOR;Sound suppressor that decreases the audibility of muzzle reports and does not show your position on the minimap.  Also reduces bullet velocity and increases bullet drop.
3554062255;BFH_ID_P_CAT_MEDIUMRANGE;RarenessLevel_Standard;BFH_ID_P_ANAME_PKA;g36c-pk-a-3-4x;BFH_ID_P_ADESC_PKA;MEDIUM RANGE;PO [3.5X];3.5x scope with a circle-and-dot reticle designed for medium to long range engagements.
3296515172;BFH_ID_P_CAT_MEDIUMRANGE;RarenessLevel_Standard;BFH_ID_P_ANAME_PSO;870p-marine-magnum-pso-1-4x;BFH_ID_P_ADESC_PSO;MEDIUM RANGE;PSO-1 [4X];Fixed-power 4x Russian-made medium range scope.
60408338;BFH_ID_P_CAT_MEDIUMRANGE;RarenessLevel_Standard;BFH_ID_P_ANAME_M145;ptr-91-m145-3-4x;BFH_ID_P_ADESC_M145;MEDIUM RANGE;M145 [3.4X];Fixed-power 3.4x Machine Gun Optic designed for medium to long range engagements.
1722577079;BFH_ID_P_CAT_BARREL;RarenessLevel_Standard;BFH_ID_P_ANAME_MUZZLEBR;ptr-91-muzzle-brake;BFH_ID_P_ADESC_MUZZLEBR;MUZZLE;MUZZLE BRAKE;Reduces felt recoil, making the weapon more controllable in rapid fire.
2947057979;BFH_ID_P_CAT_MEDIUMRANGE;RarenessLevel_Standard;BFH_ID_P_ANAME_PKA;saiga-308-pk-a-3-4x;BFH_ID_P_ADESC_PKA;MEDIUM RANGE;PO [3.5X];3.5x scope with a circle-and-dot reticle designed for medium to long range engagements.
452597077;BFH_ID_P_CAT_CLOSERANGE;RarenessLevel_Standard;BFH_ID_P_ANAME_TRUBRITE;m16a3-hd-33-1x;BFH_ID_P_ADESC_TRUBRITE;CLOSE RANGE;;
1286303775;BFH_ID_P_CAT_ACCESSORY;RarenessLevel_Standard;BFH_ID_P_ANAME_LASER;r700ltr-laser-sight;BFH_ID_P_ADESC_LASER;ACCESSORY;LASER SIGHT;Bright red laser sight improves unaimed fire, making shots more predictable.
2886661313;BFH_ID_P_CAT_ACCESSORY;RarenessLevel_Standard;BFH_ID_P_NAME_EXTENDEDMAG;ump-45-extended-magazine;BFH_ID_P_DESC_EXTENDEDMAG;ACCESSORY;EXTENDED MAGAZINE;Magazine with additional rounds for less frequent reloading.  Adds a slight penalty to maneuverability.
2573586960;BFH_ID_P_CAT_BARREL;RarenessLevel_Standard;BFH_ID_P_ANAME_MUZZLEBR;saiga-308-muzzle-brake;BFH_ID_P_ADESC_MUZZLEBR;MUZZLE;MUZZLE BRAKE;Reduces felt recoil, making the weapon more controllable in rapid fire.
622285525;BFH_ID_P_CAT_ACCESSORY;RarenessLevel_Standard;BFH_ID_P_ANAME_BOLTSNIP;r700ltr-straight-pull;BFH_ID_P_ADESC_BOLTSNIP;ACCESSORY;STRAIGHT PULL;Allows the shooter to stay in scope view when rechambering, allowing for better target following and shot observation.
2552142013;BFH_ID_P_CAT_MEDIUMRANGE;RarenessLevel_Standard;BFH_ID_P_ANAME_PSO;g36c-pso-1-4x;BFH_ID_P_ADESC_PSO;MEDIUM RANGE;PSO-1 [4X];Fixed-power 4x Russian-made medium range scope.
1299156079;BFH_ID_P_CAT_ACCESSORY;RarenessLevel_Standard;BFH_ID_P_ANAME_TACLIGHT;uzi-tactical-light;BFH_ID_P_ADESC_TACLIGHT;ACCESSORY;TACTICAL LIGHT;Light automatically activated when you aim your weapon.  Especially blinding against IRNV and FLIR optics.  Can be toggled off for stealth.
802692947;BFH_ID_P_CAT_BARREL;RarenessLevel_Standard;BFH_ID_P_ANAME_COMPENSATOR;mg36-compensator;BFH_ID_P_ADESC_COMPENSATOR;MUZZLE;COMPENSATOR;Reduces vertical recoil by venting muzzle gasses upwards, improving control at a cost to accuracy.
275231733;BFH_ID_P_CAT_CLOSERANGE;RarenessLevel_Standard;BFH_ID_P_ANAME_COYOTE;ump-45-coyote-rds;BFH_ID_P_ADESC_COYOTE;CLOSE RANGE;;
3368221654;BFH_ID_P_CAT_BARREL;RarenessLevel_Standard;BFH_ID_P_ANAME_FLSHIDER;p90-flash-hider;BFH_ID_P_ADESC_FLSHIDER;MUZZLE;FLASH HIDER;Reduces or eliminates muzzle flash, making it easier to see the target and harder for enemies to observe the shot origin.
1425240481;BFH_ID_P_CAT_MEDIUMRANGE;RarenessLevel_Standard;BFH_ID_P_ANAME_ACOG;saiga-308-acog-4x;BFH_ID_P_ADESC_ACOG;MEDIUM RANGE;ACOG [4X];Fixed-power 4x Advanced Combat Optic Gunsight for use in bright to low light at medium range.
3763642693;BFH_ID_P_CAT_CLOSERANGE;RarenessLevel_Standard;BFH_ID_P_ANAME_RX01;saiga-308-reflex-rds;BFH_ID_P_ADESC_RX01;CLOSE RANGE;REFLEX [RDS];Red dot sight with a bright aiming point and clear sight picture for rapid target acquisition and tracking.
2356063412;BFH_ID_P_CAT_CLOSERANGE;RarenessLevel_Standard;BFH_ID_P_ANAME_KOBRA;870p-marine-magnum-kobra-rds;BFH_ID_P_ADESC_KOBRA;CLOSE RANGE;KOBRA [RDS];Russian reflex sight with a T bar reticle designed for CQB that keeps the point of aim clear.
4111202662;BFH_ID_P_CAT_CLOSERANGE;RarenessLevel_Standard;BFH_ID_P_ANAME_KOBRA;mg36-kobra-rds;BFH_ID_P_ADESC_KOBRA;CLOSE RANGE;KOBRA [RDS];Russian reflex sight with a T bar reticle designed for CQB that keeps the point of aim clear.
2025276241;BFH_ID_P_CAT_BARREL;RarenessLevel_Standard;BFH_ID_P_ANAME_SILENCER;mg36-suppressor;BFH_ID_P_ADESC_SILENCER;MUZZLE;SUPPRESSOR;Sound suppressor that decreases the audibility of muzzle reports and does not show your position on the minimap.  Also reduces bullet velocity and increases bullet drop.
3100510638;BFH_ID_P_CAT_ACCESSORY;RarenessLevel_Standard;BFH_ID_P_ANAME_FLSHLIGHT;ptr-91-flash-light;BFH_ID_P_ADESC_FLSHLIGHT;ACCESSORY;FLASH LIGHT;Lights up dark corners. Especially blinding against IRNV and FLIR optics.  Be careful as it can give your position away.
1822625550;BFH_ID_P_CAT_ACCESSORY;RarenessLevel_Standard;BFH_ID_P_ANAME_LASER;mg36-laser-sight;BFH_ID_P_ADESC_LASER;ACCESSORY;LASER SIGHT;Bright red laser sight improves unaimed fire, making shots more predictable.
915223961;BFH_ID_P_CAT_CLOSERANGE;RarenessLevel_Standard;BFH_ID_P_ANAME_EOTECH;uzi-holo-1x;BFH_ID_P_ADESC_EOTECH;CLOSE RANGE;HOLO [1X];A holographic open sight for up to mid-range engagements. The reticle features a .65 MOA ring with a 1 MOA dot.
397712508;BFH_ID_P_CAT_UNDERBARREL;RarenessLevel_Standard;BFH_ID_P_ANAME_ANGLFOR;akm-angled-grip;BFH_ID_P_ADESC_ANGLFOR;GRIP;ANGLED GRIP;Angled foregrip that positions the shooter's off hand high on the centerline of the bore.  Improves control by reducing first shot recoil.
4089581259;BFH_ID_P_CAT_UNDERBARREL;RarenessLevel_Standard;BFH_ID_P_ANAME_STUBBFOR;m16a3-stubby-grip;BFH_ID_P_ADESC_STUBBFOR;GRIP;STUBBY GRIP;The reduced length of this foregrip makes for a lightweight and strong point of control.  Improves accuracy by reducing the rapid fire penalty and slightly increases maneuverability.
4285619901;BFH_ID_P_CAT_MEDIUMRANGE;RarenessLevel_Standard;BFH_ID_P_ANAME_ACOG;uzi-acog-4x;BFH_ID_P_ADESC_ACOG;MEDIUM RANGE;ACOG [4X];Fixed-power 4x Advanced Combat Optic Gunsight for use in bright to low light at medium range.
22352929;BFH_ID_P_CAT_CLOSERANGE;RarenessLevel_Standard;BFH_ID_P_ANAME_PKAS;870p-marine-magnum-pka-s-1x;BFH_ID_P_ADESC_PKAS;CLOSE RANGE;PK-AS [1X];Russian unmagnified holographic sight with excellent light gathering capabilities and a clear field of view.
1202939780;BFH_ID_P_CAT_BARREL;RarenessLevel_Standard;BFH_ID_P_ANAME_FLSHIDER;m16a3-flash-hider;BFH_ID_P_ADESC_FLSHIDER;MUZZLE;FLASH HIDER;Reduces or eliminates muzzle flash, making it easier to see the target and harder for enemies to observe the shot origin.
2537297977;BFH_ID_P_CAT_CLOSERANGE;RarenessLevel_Standard;BFH_ID_P_ANAME_PKAS;uzi-pka-s-1x;BFH_ID_P_ADESC_PKAS;CLOSE RANGE;PK-AS [1X];Russian unmagnified holographic sight with excellent light gathering capabilities and a clear field of view.
1683302497;BFH_ID_P_CAT_CLOSERANGE;RarenessLevel_Standard;BFH_ID_P_ANAME_EOTECH;ump-45-holo-1x;BFH_ID_P_ADESC_EOTECH;CLOSE RANGE;HOLO [1X];A holographic open sight for up to mid-range engagements. The reticle features a .65 MOA ring with a 1 MOA dot.
3704770688;BFH_ID_P_CAT_MEDIUMRANGE;RarenessLevel_Standard;BFH_ID_P_ANAME_PSO;r700ltr-pso-1-4x;BFH_ID_P_ADESC_PSO;MEDIUM RANGE;PSO-1 [4X];Fixed-power 4x Russian-made medium range scope.
2088009395;BFH_ID_P_CAT_MEDIUMRANGE;RarenessLevel_Standard;BFH_ID_P_ANAME_PRISMATIC;r700ltr-prisma-3-4x;BFH_ID_P_ADESC_PRISMATIC;MEDIUM RANGE;;
642230853;BFH_ID_P_CAT_CLOSERANGE;RarenessLevel_Standard;BFH_ID_P_ANAME_COYOTE;ptr-91-coyote-rds;BFH_ID_P_ADESC_COYOTE;CLOSE RANGE;;
1322996395;BFH_ID_P_CAT_ACCESSORY;RarenessLevel_Standard;BFH_ID_P_ANAME_VARZOOM;r700ltr-variable-zoom-14x;BFH_ID_P_ADESC_VARZOOM;ACCESSORY;;
2640030566;BFH_ID_P_CAT_MEDIUMRANGE;RarenessLevel_Standard;BFH_ID_P_ANAME_PRISMATIC;g36c-prisma-3-4x;BFH_ID_P_ADESC_PRISMATIC;MEDIUM RANGE;;
849642255;BFH_ID_P_CAT_UNDERBARREL;RarenessLevel_Standard;BFH_ID_P_ANAME_ERGOFOR;uzi-ergo-grip;BFH_ID_P_ADESC_ERGOFOR;GRIP;;
2418146577;BFH_ID_P_CAT_MEDIUMRANGE;RarenessLevel_Standard;BFH_ID_P_ANAME_M145;p90-m145-3-4x;BFH_ID_P_ADESC_M145;MEDIUM RANGE;M145 [3.4X];Fixed-power 3.4x Machine Gun Optic designed for medium to long range engagements.
2911254531;BFH_ID_P_CAT_CLOSERANGE;RarenessLevel_Standard;BFH_ID_P_ANAME_RMR;92fs-mini-rds;BFH_ID_P_ADESC_RMR;CLOSE RANGE;MINI [RDS];The Ruggedized Miniature Reflex sight is designed to be mounted on pistols. Allows for fast target acquisition and easy tracking.
2084385998;BFH_ID_P_CAT_BARREL;RarenessLevel_Standard;BFH_ID_P_ANAME_MUZZLEBR;m16a3-muzzle-brake;BFH_ID_P_ADESC_MUZZLEBR;MUZZLE;MUZZLE BRAKE;Reduces felt recoil, making the weapon more controllable in rapid fire.
3944773072;BFH_ID_P_CAT_ACCESSORY;RarenessLevel_Standard;BFH_ID_P_ANAME_FLSHLIGHT;akm-flash-light;BFH_ID_P_ADESC_FLSHLIGHT;ACCESSORY;FLASH LIGHT;Lights up dark corners. Especially blinding against IRNV and FLIR optics.  Be careful as it can give your position away.
3267264198;BFH_ID_P_CAT_MEDIUMRANGE;RarenessLevel_Standard;BFH_ID_P_ANAME_ACOG;mg36-acog-4x;BFH_ID_P_ADESC_ACOG;MEDIUM RANGE;ACOG [4X];Fixed-power 4x Advanced Combat Optic Gunsight for use in bright to low light at medium range.
954682146;BFH_ID_P_CAT_ACCESSORY;RarenessLevel_Standard;BFH_ID_P_NAME_EXTENDEDMAG;m16a3-extended-magazine;BFH_ID_P_DESC_EXTENDEDMAG;ACCESSORY;EXTENDED MAGAZINE;Magazine with additional rounds for less frequent reloading.  Adds a slight penalty to maneuverability.
1451687732;BFH_ID_P_CAT_BARREL;RarenessLevel_Standard;BFH_ID_P_ANAME_COMPENSATOR;saiga-308-compensator;BFH_ID_P_ADESC_COMPENSATOR;MUZZLE;COMPENSATOR;Reduces vertical recoil by venting muzzle gasses upwards, improving control at a cost to accuracy.
758002179;BFH_ID_P_CAT_UNDERBARREL;RarenessLevel_Standard;BFH_ID_P_ANAME_POTATOFOR;g36c-potato-grip;BFH_ID_P_ADESC_POTATOFOR;GRIP;;
1466451290;BFH_ID_P_CAT_ACCESSORY;RarenessLevel_Standard;BFH_ID_P_ANAME_VARZOOM;ptr-91-variable-zoom-14x;BFH_ID_P_ADESC_VARZOOM;ACCESSORY;;
3799082316;BFH_ID_P_CAT_CLOSERANGE;RarenessLevel_Standard;BFH_ID_P_ANAME_KOBRA;ump-45-kobra-rds;BFH_ID_P_ADESC_KOBRA;CLOSE RANGE;KOBRA [RDS];Russian reflex sight with a T bar reticle designed for CQB that keeps the point of aim clear.
1628941139;BFH_ID_P_CAT_BARREL;RarenessLevel_Standard;BFH_ID_P_ANAME_HEAVYBARREL;m16a3-heavy-barrel;BFH_ID_P_ADESC_HEAVYBARREL;MUZZLE;HEAVY BARREL;Free floating heavy barrel improves aimed fire accuracy and slightly decreases recoil, but decreases maneuverability.
3619477068;BFH_ID_P_CAT_UNDERBARREL;RarenessLevel_Standard;BFH_ID_P_ANAME_STUBBFOR;ump-45-stubby-grip;BFH_ID_P_ADESC_STUBBFOR;GRIP;STUBBY GRIP;The reduced length of this foregrip makes for a lightweight and strong point of control.  Improves accuracy by reducing the rapid fire penalty and slightly increases maneuverability.
3531019238;BFH_ID_P_CAT_MEDIUMRANGE;RarenessLevel_Standard;BFH_ID_P_ANAME_M145;akm-m145-3-4x;BFH_ID_P_ADESC_M145;MEDIUM RANGE;M145 [3.4X];Fixed-power 3.4x Machine Gun Optic designed for medium to long range engagements.
1905555131;BFH_ID_P_CAT_ACCESSORY;RarenessLevel_Standard;BFH_ID_P_ANAME_TACLIGHT;ptr-91-tactical-light;BFH_ID_P_ADESC_TACLIGHT;ACCESSORY;TACTICAL LIGHT;Light automatically activated when you aim your weapon.  Especially blinding against IRNV and FLIR optics.  Can be toggled off for stealth.
2661031242;BFH_ID_P_CAT_CLOSERANGE;RarenessLevel_Standard;BFH_ID_P_ANAME_PKAS;p90-pka-s-1x;BFH_ID_P_ADESC_PKAS;CLOSE RANGE;PK-AS [1X];Russian unmagnified holographic sight with excellent light gathering capabilities and a clear field of view.
3789946408;BFH_ID_P_CAT_BARREL;RarenessLevel_Standard;BFH_ID_P_ANAME_MUZZLEBR;akm-muzzle-brake;BFH_ID_P_ADESC_MUZZLEBR;MUZZLE;MUZZLE BRAKE;Reduces felt recoil, making the weapon more controllable in rapid fire.
3147965759;BFH_ID_P_CAT_CLOSERANGE;RarenessLevel_Standard;BFH_ID_P_ANAME_COYOTE;mg36-coyote-rds;BFH_ID_P_ADESC_COYOTE;CLOSE RANGE;;
1677943580;BFH_ID_P_CAT_BARREL;RarenessLevel_Standard;BFH_ID_P_ANAME_COMPENSATOR;uzi-compensator;BFH_ID_P_ADESC_COMPENSATOR;MUZZLE;COMPENSATOR;Reduces vertical recoil by venting muzzle gasses upwards, improving control at a cost to accuracy.
781652758;BFH_ID_P_CAT_CLOSERANGE;RarenessLevel_Standard;BFH_ID_P_ANAME_PKAS;akm-pka-s-1x;BFH_ID_P_ADESC_PKAS;CLOSE RANGE;PK-AS [1X];Russian unmagnified holographic sight with excellent light gathering capabilities and a clear field of view.
97221415;BFH_ID_P_CAT_CLOSERANGE;RarenessLevel_Standard;BFH_ID_P_ANAME_RMR;hk45c-mini-rds;BFH_ID_P_ADESC_RMR;CLOSE RANGE;MINI [RDS];The Ruggedized Miniature Reflex sight is designed to be mounted on pistols. Allows for fast target acquisition and easy tracking.
4027721896;BFH_ID_P_CAT_MEDIUMRANGE;RarenessLevel_Standard;BFH_ID_P_ANAME_PSO;ump-45-pso-1-4x;BFH_ID_P_ADESC_PSO;MEDIUM RANGE;PSO-1 [4X];Fixed-power 4x Russian-made medium range scope.
2918606437;BFH_ID_P_CAT_MEDIUMRANGE;RarenessLevel_Standard;BFH_ID_P_ANAME_PSO;p90-pso-1-4x;BFH_ID_P_ADESC_PSO;MEDIUM RANGE;PSO-1 [4X];Fixed-power 4x Russian-made medium range scope.
2207927663;BFH_ID_P_CAT_BARREL;RarenessLevel_Standard;BFH_ID_P_ANAME_PISTSILEN;tec-9-suppressor;BFH_ID_P_ADESC_PISTSILEN;MUZZLE;SUPPRESSOR;Pistol silencer that increases stealth by hiding your muzzle report and position on the minimap. Reduces bullet velocity and increases bullet drop.
1197672067;BFH_ID_P_CAT_CLOSERANGE;RarenessLevel_Standard;BFH_ID_P_ANAME_EOTECH;m16a3-holo-1x;BFH_ID_P_ADESC_EOTECH;CLOSE RANGE;HOLO [1X];A holographic open sight for up to mid-range engagements. The reticle features a .65 MOA ring with a 1 MOA dot.
1982404982;BFH_ID_P_CAT_UNDERBARREL;RarenessLevel_Standard;BFH_ID_P_ANAME_FOLDFOR;mg36-folding-grip;BFH_ID_P_ADESC_FOLDFOR;GRIP;;
1531793696;BFH_ID_P_CAT_ACCESSORY;RarenessLevel_Standard;BFH_ID_P_ANAME_TACLIGHT;mg36-tactical-light;BFH_ID_P_ADESC_TACLIGHT;ACCESSORY;TACTICAL LIGHT;Light automatically activated when you aim your weapon.  Especially blinding against IRNV and FLIR optics.  Can be toggled off for stealth.
397430422;BFH_ID_P_CAT_CLOSERANGE;RarenessLevel_Standard;BFH_ID_P_ANAME_PKAS;m16a3-pka-s-1x;BFH_ID_P_ADESC_PKAS;CLOSE RANGE;PK-AS [1X];Russian unmagnified holographic sight with excellent light gathering capabilities and a clear field of view.
2097524480;BFH_ID_P_CAT_BARREL;RarenessLevel_Standard;BFH_ID_P_ANAME_HEAVYBARREL;uzi-heavy-barrel;BFH_ID_P_ADESC_HEAVYBARREL;MUZZLE;HEAVY BARREL;Free floating heavy barrel improves aimed fire accuracy and slightly decreases recoil, but decreases maneuverability.
2900802462;BFH_ID_P_CAT_ACCESSORY;RarenessLevel_Standard;BFH_ID_P_ANAME_PISTLASER;92fs-laser-sight;BFH_ID_P_ADESC_PISTLASER;ACCESSORY;;
382789410;BFH_ID_P_CAT_BARREL;RarenessLevel_Standard;BFH_ID_P_ANAME_HEAVYBARREL;saiga-308-heavy-barrel;BFH_ID_P_ADESC_HEAVYBARREL;MUZZLE;HEAVY BARREL;Free floating heavy barrel improves aimed fire accuracy and slightly decreases recoil, but decreases maneuverability.
779996520;BFH_ID_P_CAT_CLOSERANGE;RarenessLevel_Standard;BFH_ID_P_ANAME_COYOTE;uzi-coyote-rds;BFH_ID_P_ADESC_COYOTE;CLOSE RANGE;;
682576061;BFH_ID_P_CAT_ACCESSORY;RarenessLevel_Standard;BFH_ID_P_ANAME_FLSHLIGHT;92fs-flash-light;BFH_ID_P_ADESC_FLSHLIGHT;ACCESSORY;FLASH LIGHT;Lights up dark corners. Especially blinding against IRNV and FLIR optics.  Be careful as it can give your position away.
3687716288;BFH_ID_P_CAT_BARREL;RarenessLevel_Standard;BFH_ID_P_ANAME_FLSHIDER;ump-45-flash-hider;BFH_ID_P_ADESC_FLSHIDER;MUZZLE;FLASH HIDER;Reduces or eliminates muzzle flash, making it easier to see the target and harder for enemies to observe the shot origin.
3144589346;BFH_ID_P_CAT_UNDERBARREL;RarenessLevel_Standard;BFH_ID_P_ANAME_STUBBFOR;uzi-stubby-grip;BFH_ID_P_ADESC_STUBBFOR;GRIP;STUBBY GRIP;The reduced length of this foregrip makes for a lightweight and strong point of control.  Improves accuracy by reducing the rapid fire penalty and slightly increases maneuverability.
2637029498;BFH_ID_P_CAT_MEDIUMRANGE;RarenessLevel_Standard;BFH_ID_P_ANAME_PKA;mg36-pk-a-3-4x;BFH_ID_P_ADESC_PKA;MEDIUM RANGE;PO [3.5X];3.5x scope with a circle-and-dot reticle designed for medium to long range engagements.
1551316474;BFH_ID_P_CAT_CLOSERANGE;RarenessLevel_Standard;BFH_ID_P_ANAME_NOOPTIC;iron-sights;BFH_ID_P_ADESC_NOOPTIC;CLOSE RANGE;IRON SIGHTS;Use weapon's built-in iron sights.
2627915826;BFH_ID_P_CAT_CLOSERANGE;RarenessLevel_Standard;BFH_ID_P_ANAME_GHOSTRING;tec-9-ghost-ring;BFH_ID_P_ADESC_GHOSTRING;CLOSE RANGE;IMPROVED IRON SIGHTS;Replaces the standard iron sights with a set of rapid acquisition Improved Iron Sights for a clear sight picture.
3927269481;BFH_ID_P_CAT_UNDERBARREL;RarenessLevel_Standard;BFH_ID_P_ANAME_VERTFOR;mg36-vertical-grip;BFH_ID_P_ADESC_VERTFOR;GRIP;VERTICAL GRIP;Vertical foregrip that provides greater stability when firing your weapon while moving.  Also makes the weapon slightly more stable in unaimed fire.
1799810934;BFH_ID_P_CAT_BARREL;RarenessLevel_Standard;BFH_ID_P_ANAME_SILENCER;g36c-suppressor;BFH_ID_P_ADESC_SILENCER;MUZZLE;SUPPRESSOR;Sound suppressor that decreases the audibility of muzzle reports and does not show your position on the minimap.  Also reduces bullet velocity and increases bullet drop.
1293911921;BFH_ID_P_CAT_CLOSERANGE;RarenessLevel_Standard;BFH_ID_P_ANAME_TRUBRITE;ump-45-hd-33-1x;BFH_ID_P_ADESC_TRUBRITE;CLOSE RANGE;;
77708789;BFH_ID_P_CAT_MEDIUMRANGE;RarenessLevel_Standard;BFH_ID_P_ANAME_PSO;akm-pso-1-4x;BFH_ID_P_ADESC_PSO;MEDIUM RANGE;PSO-1 [4X];Fixed-power 4x Russian-made medium range scope.
513380678;BFH_ID_P_CAT_BARREL;RarenessLevel_Standard;BFH_ID_P_ANAME_COMPENSATOR;akm-compensator;BFH_ID_P_ADESC_COMPENSATOR;MUZZLE;COMPENSATOR;Reduces vertical recoil by venting muzzle gasses upwards, improving control at a cost to accuracy.
2421745158;BFH_ID_P_CAT_ACCESSORY;RarenessLevel_Standard;BFH_ID_P_ANAME_VARZOOM;saiga-308-variable-zoom-14x;BFH_ID_P_ADESC_VARZOOM;ACCESSORY;;
158074813;BFH_ID_P_CAT_ACCESSORY;RarenessLevel_Standard;BFH_ID_P_ANAME_FLSHLIGHT;m16a3-flash-light;BFH_ID_P_ADESC_FLSHLIGHT;ACCESSORY;FLASH LIGHT;Lights up dark corners. Especially blinding against IRNV and FLIR optics.  Be careful as it can give your position away.
2083918515;BFH_ID_P_CAT_BARREL;RarenessLevel_Standard;BFH_ID_P_ANAME_SILENCER;uzi-suppressor;BFH_ID_P_ADESC_SILENCER;MUZZLE;SUPPRESSOR;Sound suppressor that decreases the audibility of muzzle reports and does not show your position on the minimap.  Also reduces bullet velocity and increases bullet drop.
1083950286;BFH_ID_P_CAT_UNDERBARREL;RarenessLevel_Standard;BFH_ID_P_ANAME_POTATOFOR;mg36-potato-grip;BFH_ID_P_ADESC_POTATOFOR;GRIP;;
1945902545;BFH_ID_P_CAT_MEDIUMRANGE;RarenessLevel_Standard;BFH_ID_P_ANAME_PRISMATIC;akm-prisma-3-4x;BFH_ID_P_ADESC_PRISMATIC;MEDIUM RANGE;;
2204535448;BFH_ID_P_CAT_CLOSERANGE;RarenessLevel_Standard;BFH_ID_P_ANAME_KOBRA;saiga-308-kobra-rds;BFH_ID_P_ADESC_KOBRA;CLOSE RANGE;KOBRA [RDS];Russian reflex sight with a T bar reticle designed for CQB that keeps the point of aim clear.
3396872375;BFH_ID_P_CAT_MEDIUMRANGE;RarenessLevel_Standard;BFH_ID_P_ANAME_COMPACT4X;ump-45-jgm-4-4x;BFH_ID_P_ADESC_COMPACT4X;MEDIUM RANGE;;
2484352575;BFH_ID_P_CAT_UNDERBARREL;RarenessLevel_Standard;BFH_ID_P_ANAME_ANGLFOR;mg36-angled-grip;BFH_ID_P_ADESC_ANGLFOR;GRIP;ANGLED GRIP;Angled foregrip that positions the shooter's off hand high on the centerline of the bore.  Improves control by reducing first shot recoil.
2210273083;BFH_ID_P_CAT_CLOSERANGE;RarenessLevel_Standard;BFH_ID_P_ANAME_KOBRA;m16a3-kobra-rds;BFH_ID_P_ADESC_KOBRA;CLOSE RANGE;KOBRA [RDS];Russian reflex sight with a T bar reticle designed for CQB that keeps the point of aim clear.
470850526;BFH_ID_P_CAT_ACCESSORY;RarenessLevel_Standard;BFH_ID_P_ANAME_LASER;g36c-laser-sight;BFH_ID_P_ADESC_LASER;ACCESSORY;LASER SIGHT;Bright red laser sight improves unaimed fire, making shots more predictable.
1164294599;BFH_ID_P_CAT_MEDIUMRANGE;RarenessLevel_Standard;BFH_ID_P_ANAME_COMPACT4X;saiga-308-jgm-4-4x;BFH_ID_P_ADESC_COMPACT4X;MEDIUM RANGE;;
3262844583;BFH_ID_P_CAT_BARREL;RarenessLevel_Standard;BFH_ID_P_ANAME_HEAVYBARREL;ump-45-heavy-barrel;BFH_ID_P_ADESC_HEAVYBARREL;MUZZLE;HEAVY BARREL;Free floating heavy barrel improves aimed fire accuracy and slightly decreases recoil, but decreases maneuverability.
2321328730;BFH_ID_P_CAT_BARREL;RarenessLevel_Standard;BFH_ID_P_ANAME_FLSHIDER;ptr-91-flash-hider;BFH_ID_P_ADESC_FLSHIDER;MUZZLE;FLASH HIDER;Reduces or eliminates muzzle flash, making it easier to see the target and harder for enemies to observe the shot origin.
3502618559;BFH_ID_P_CAT_MEDIUMRANGE;RarenessLevel_Standard;BFH_ID_P_ANAME_COMPACT4X;m16a3-jgm-4-4x;BFH_ID_P_ADESC_COMPACT4X;MEDIUM RANGE;;
1004371594;BFH_ID_P_CAT_ACCESSORY;RarenessLevel_Standard;BFH_ID_P_ANAME_LASER;saiga-308-laser-sight;BFH_ID_P_ADESC_LASER;ACCESSORY;LASER SIGHT;Bright red laser sight improves unaimed fire, making shots more predictable.
599075344;BFH_ID_P_CAT_ACCESSORY;RarenessLevel_Standard;BFH_ID_P_ANAME_TACLIGHT;p90-tactical-light;BFH_ID_P_ADESC_TACLIGHT;ACCESSORY;TACTICAL LIGHT;Light automatically activated when you aim your weapon.  Especially blinding against IRNV and FLIR optics.  Can be toggled off for stealth.
781645106;BFH_ID_P_CAT_CLOSERANGE;RarenessLevel_Standard;BFH_ID_P_ANAME_RX01;akm-reflex-rds;BFH_ID_P_ADESC_RX01;CLOSE RANGE;REFLEX [RDS];Red dot sight with a bright aiming point and clear sight picture for rapid target acquisition and tracking.
763622320;BFH_ID_P_CAT_UNDERBARREL;RarenessLevel_Standard;BFH_ID_P_ANAME_ANGLFOR;m16a3-angled-grip;BFH_ID_P_ADESC_ANGLFOR;GRIP;ANGLED GRIP;Angled foregrip that positions the shooter's off hand high on the centerline of the bore.  Improves control by reducing first shot recoil.
3700836565;BFH_ID_P_CAT_BARREL;RarenessLevel_Standard;BFH_ID_P_ANAME_SILENCER;akm-suppressor;BFH_ID_P_ADESC_SILENCER;MUZZLE;SUPPRESSOR;Sound suppressor that decreases the audibility of muzzle reports and does not show your position on the minimap.  Also reduces bullet velocity and increases bullet drop.
839443663;BFH_ID_P_CAT_MEDIUMRANGE;RarenessLevel_Standard;BFH_ID_P_ANAME_ACOG;ump-45-acog-4x;BFH_ID_P_ADESC_ACOG;MEDIUM RANGE;ACOG [4X];Fixed-power 4x Advanced Combat Optic Gunsight for use in bright to low light at medium range.
569406786;BFH_ID_P_CAT_ACCESSORY;RarenessLevel_Standard;BFH_ID_P_ANAME_TACLIGHT;ump-45-tactical-light;BFH_ID_P_ADESC_TACLIGHT;ACCESSORY;TACTICAL LIGHT;Light automatically activated when you aim your weapon.  Especially blinding against IRNV and FLIR optics.  Can be toggled off for stealth.
2273121188;BFH_ID_P_CAT_BARREL;RarenessLevel_Standard;BFH_ID_P_ANAME_SILENCER;saiga-308-suppressor;BFH_ID_P_ADESC_SILENCER;MUZZLE;SUPPRESSOR;Sound suppressor that decreases the audibility of muzzle reports and does not show your position on the minimap.  Also reduces bullet velocity and increases bullet drop.
1774111660;BFH_ID_P_CAT_BARREL;RarenessLevel_Standard;BFH_ID_P_ANAME_FLSHIDER;saiga-308-flash-hider;BFH_ID_P_ADESC_FLSHIDER;MUZZLE;FLASH HIDER;Reduces or eliminates muzzle flash, making it easier to see the target and harder for enemies to observe the shot origin.
2351868104;BFH_ID_P_CAT_ACCESSORY;RarenessLevel_Standard;BFH_ID_P_NAME_EXTENDEDMAG;ptr-91-extended-magazine;BFH_ID_P_DESC_EXTENDEDMAG;ACCESSORY;EXTENDED MAGAZINE;Magazine with additional rounds for less frequent reloading.  Adds a slight penalty to maneuverability.
2568577261;BFH_ID_P_CAT_BARREL;RarenessLevel_Standard;BFH_ID_P_ANAME_SILENCER;m16a3-suppressor;BFH_ID_P_ADESC_SILENCER;MUZZLE;SUPPRESSOR;Sound suppressor that decreases the audibility of muzzle reports and does not show your position on the minimap.  Also reduces bullet velocity and increases bullet drop.
288013227;BFH_ID_P_CAT_BARREL;RarenessLevel_Standard;BFH_ID_P_ANAME_COMPENSATOR;p90-compensator;BFH_ID_P_ADESC_COMPENSATOR;MUZZLE;COMPENSATOR;Reduces vertical recoil by venting muzzle gasses upwards, improving control at a cost to accuracy.
3281317439;BFH_ID_P_CAT_BARREL;RarenessLevel_Standard;BFH_ID_P_ANAME_MUZZLEBR;p90-muzzle-brake;BFH_ID_P_ADESC_MUZZLEBR;MUZZLE;MUZZLE BRAKE;Reduces felt recoil, making the weapon more controllable in rapid fire.
80874853;BFH_ID_P_CAT_UNDERBARREL;RarenessLevel_Standard;BFH_ID_P_ANAME_VERTFOR;akm-vertical-grip;BFH_ID_P_ADESC_VERTFOR;GRIP;VERTICAL GRIP;Vertical foregrip that provides greater stability when firing your weapon while moving.  Also makes the weapon slightly more stable in unaimed fire.
3006140212;BFH_ID_P_CAT_MEDIUMRANGE;RarenessLevel_Standard;BFH_ID_P_ANAME_PKA;akm-pk-a-3-4x;BFH_ID_P_ADESC_PKA;MEDIUM RANGE;PO [3.5X];3.5x scope with a circle-and-dot reticle designed for medium to long range engagements.
1970161925;BFH_ID_P_CAT_BARREL;RarenessLevel_Standard;BFH_ID_P_ANAME_SILENCER;ump-45-suppressor;BFH_ID_P_ADESC_SILENCER;MUZZLE;SUPPRESSOR;Sound suppressor that decreases the audibility of muzzle reports and does not show your position on the minimap.  Also reduces bullet velocity and increases bullet drop.
3491741253;BFH_ID_P_CAT_LONGRANGE;RarenessLevel_Standard;BFH_ID_P_ANAME_RIFLE6X;saiga-308-rifle-scope-6x;BFH_ID_P_ADESC_RIFLE6X;LONG RANGE;;
3062541289;BFH_ID_P_CAT_ACCESSORY;RarenessLevel_Standard;BFH_ID_P_ANAME_FLSHLIGHT;ump-45-flash-light;BFH_ID_P_ADESC_FLSHLIGHT;ACCESSORY;FLASH LIGHT;Lights up dark corners. Especially blinding against IRNV and FLIR optics.  Be careful as it can give your position away.
2717172454;BFH_ID_P_CAT_UNDERBARREL;RarenessLevel_Standard;BFH_ID_P_ANAME_FOLDFOR;g36c-folding-grip;BFH_ID_P_ADESC_FOLDFOR;GRIP;;
2371944864;BFH_ID_P_CAT_UNDERBARREL;RarenessLevel_Standard;BFH_ID_P_ANAME_ERGOFOR;akm-ergo-grip;BFH_ID_P_ADESC_ERGOFOR;GRIP;;
2089183247;BFH_ID_P_CAT_MEDIUMRANGE;RarenessLevel_Standard;BFH_ID_P_ANAME_PRISMATIC;p90-prisma-3-4x;BFH_ID_P_ADESC_PRISMATIC;MEDIUM RANGE;;
1702104147;BFH_ID_P_CAT_BARREL;RarenessLevel_Standard;BFH_ID_P_ANAME_FLSHIDER;mg36-flash-hider;BFH_ID_P_ADESC_FLSHIDER;MUZZLE;FLASH HIDER;Reduces or eliminates muzzle flash, making it easier to see the target and harder for enemies to observe the shot origin.
632062033;BFH_ID_P_CAT_MEDIUMRANGE;RarenessLevel_Standard;BFH_ID_P_ANAME_COMPACT4X;akm-jgm-4-4x;BFH_ID_P_ADESC_COMPACT4X;MEDIUM RANGE;;
1860392058;BFH_ID_P_CAT_BARREL;RarenessLevel_Standard;BFH_ID_P_ANAME_MUZZLELIGHT;tec-9-muzzle-brake;BFH_ID_P_ADESC_MUZZLELIGHT;MUZZLE;MUZZLE BRAKE;Reduces felt recoil, making the weapon more controllable in rapid fire.
2880667632;BFH_ID_P_CAT_ACCESSORY;RarenessLevel_Standard;BFH_ID_P_ANAME_TACLIGHT;hk45c-tactical-light;BFH_ID_P_ADESC_TACLIGHT;ACCESSORY;TACTICAL LIGHT;Light automatically activated when you aim your weapon.  Especially blinding against IRNV and FLIR optics.  Can be toggled off for stealth.
4076886336;BFH_ID_P_CAT_BARREL;RarenessLevel_Standard;BFH_ID_P_ANAME_COMPENSATOR;ptr-91-compensator;BFH_ID_P_ADESC_COMPENSATOR;MUZZLE;COMPENSATOR;Reduces vertical recoil by venting muzzle gasses upwards, improving control at a cost to accuracy.
1670454788;BFH_ID_P_CAT_MEDIUMRANGE;RarenessLevel_Standard;BFH_ID_P_ANAME_ACOG;m16a3-acog-4x;BFH_ID_P_ADESC_ACOG;MEDIUM RANGE;ACOG [4X];Fixed-power 4x Advanced Combat Optic Gunsight for use in bright to low light at medium range.
1424642364;BFH_ID_P_CAT_ACCESSORY;RarenessLevel_Standard;BFH_ID_P_ANAME_TACLIGHT;akm-tactical-light;BFH_ID_P_ADESC_TACLIGHT;ACCESSORY;TACTICAL LIGHT;Light automatically activated when you aim your weapon.  Especially blinding against IRNV and FLIR optics.  Can be toggled off for stealth.
1853693001;BFH_ID_P_CAT_BARREL;RarenessLevel_Standard;BFH_ID_P_ANAME_PISTCOMPENSATOR;92fs-compensator;BFH_ID_P_ADESC_PISTCOMPENSATOR;MUZZLE;COMPENSATOR;Reduces vertical recoil by venting muzzle gasses upwards, improving control at a cost to accuracy.
3846074461;BFH_ID_P_CAT_CLOSERANGE;RarenessLevel_Standard;BFH_ID_P_ANAME_RMR;tec-9-mini-rds;BFH_ID_P_ADESC_RMR;CLOSE RANGE;MINI [RDS];The Ruggedized Miniature Reflex sight is designed to be mounted on pistols. Allows for fast target acquisition and easy tracking.
650635803;BFH_ID_P_CAT_MEDIUMRANGE;RarenessLevel_Standard;BFH_ID_P_ANAME_M145;mg36-m145-3-4x;BFH_ID_P_ADESC_M145;MEDIUM RANGE;M145 [3.4X];Fixed-power 3.4x Machine Gun Optic designed for medium to long range engagements.
533603552;BFH_ID_P_CAT_CLOSERANGE;RarenessLevel_Standard;BFH_ID_P_ANAME_KOBRA;r700ltr-kobra-rds;BFH_ID_P_ADESC_KOBRA;CLOSE RANGE;KOBRA [RDS];Russian reflex sight with a T bar reticle designed for CQB that keeps the point of aim clear.
1636619435;BFH_ID_P_CAT_CLOSERANGE;RarenessLevel_Standard;BFH_ID_P_ANAME_EOTECH;p90-holo-1x;BFH_ID_P_ADESC_EOTECH;CLOSE RANGE;HOLO [1X];A holographic open sight for up to mid-range engagements. The reticle features a .65 MOA ring with a 1 MOA dot.
2470393733;BFH_ID_P_CAT_CLOSERANGE;RarenessLevel_Standard;BFH_ID_P_ANAME_EOTECH;g36c-holo-1x;BFH_ID_P_ADESC_EOTECH;CLOSE RANGE;HOLO [1X];A holographic open sight for up to mid-range engagements. The reticle features a .65 MOA ring with a 1 MOA dot.
820078030;BFH_ID_P_CAT_UNDERBARREL;RarenessLevel_Standard;BFH_ID_P_ANAME_POTATOFOR;akm-potato-grip;BFH_ID_P_ADESC_POTATOFOR;GRIP;;
971147266;BFH_ID_P_CAT_CLOSERANGE;RarenessLevel_Standard;BFH_ID_P_ANAME_COYOTE;m16a3-coyote-rds;BFH_ID_P_ADESC_COYOTE;CLOSE RANGE;;
201599337;BFH_ID_P_CAT_MEDIUMRANGE;RarenessLevel_Standard;BFH_ID_P_ANAME_M145;g36c-m145-3-4x;BFH_ID_P_ADESC_M145;MEDIUM RANGE;M145 [3.4X];Fixed-power 3.4x Machine Gun Optic designed for medium to long range engagements.
3661516331;BFH_ID_P_CAT_LONGRANGE;RarenessLevel_Standard;BFH_ID_P_ANAME_RIFLE6X;ptr-91-rifle-scope-6x;BFH_ID_P_ADESC_RIFLE6X;LONG RANGE;;
1113724093;BFH_ID_P_CAT_ACCESSORY;RarenessLevel_Standard;BFH_ID_P_ANAME_FLSHLIGHT;p90-flash-light;BFH_ID_P_ADESC_FLSHLIGHT;ACCESSORY;FLASH LIGHT;Lights up dark corners. Especially blinding against IRNV and FLIR optics.  Be careful as it can give your position away.
4021967675;BFH_ID_P_CAT_ACCESSORY;RarenessLevel_Standard;BFH_ID_P_ANAME_TACLIGHT;92fs-tactical-light;BFH_ID_P_ADESC_TACLIGHT;ACCESSORY;TACTICAL LIGHT;Light automatically activated when you aim your weapon.  Especially blinding against IRNV and FLIR optics.  Can be toggled off for stealth.
3618431104;BFH_ID_P_CAT_UNDERBARREL;RarenessLevel_Standard;BFH_ID_P_ANAME_ERGOFOR;ump-45-ergo-grip;BFH_ID_P_ADESC_ERGOFOR;GRIP;;
3596072445;BFH_ID_P_CAT_BARREL;RarenessLevel_Standard;BFH_ID_P_ANAME_PISTCOMPENSATOR;hk45c-compensator;BFH_ID_P_ADESC_PISTCOMPENSATOR;MUZZLE;COMPENSATOR;Reduces vertical recoil by venting muzzle gasses upwards, improving control at a cost to accuracy.
382728795;BFH_ID_P_CAT_CLOSERANGE;RarenessLevel_Standard;BFH_ID_P_ANAME_DELTA;tec-9-delta-rds;BFH_ID_P_ADESC_DELTA;CLOSE RANGE;DELTA [RDS];Compact 3.5 MOA red dot sight for handguns featuring a triangular reticle.
2767613400;BFH_ID_P_CAT_BARREL;RarenessLevel_Standard;BFH_ID_P_ANAME_FLSHIDER;uzi-flash-hider;BFH_ID_P_ADESC_FLSHIDER;MUZZLE;FLASH HIDER;Reduces or eliminates muzzle flash, making it easier to see the target and harder for enemies to observe the shot origin.
949377989;BFH_ID_P_CAT_ACCESSORY;RarenessLevel_Standard;BFH_ID_P_ANAME_TACLIGHT;tec-9-tactical-light;BFH_ID_P_ADESC_TACLIGHT;ACCESSORY;TACTICAL LIGHT;Light automatically activated when you aim your weapon.  Especially blinding against IRNV and FLIR optics.  Can be toggled off for stealth.
3092187610;BFH_ID_P_CAT_CLOSERANGE;RarenessLevel_Standard;BFH_ID_P_ANAME_TRUBRITE;870p-marine-magnum-hd-33-1x;BFH_ID_P_ADESC_TRUBRITE;CLOSE RANGE;;
130476823;BFH_ID_P_CAT_BARREL;RarenessLevel_Standard;BFH_ID_P_ANAME_HEAVYBARREL;mg36-heavy-barrel;BFH_ID_P_ADESC_HEAVYBARREL;MUZZLE;HEAVY BARREL;Free floating heavy barrel improves aimed fire accuracy and slightly decreases recoil, but decreases maneuverability.
2831670010;BFH_ID_P_CAT_MEDIUMRANGE;RarenessLevel_Standard;BFH_ID_P_ANAME_PSO;m16a3-pso-1-4x;BFH_ID_P_ADESC_PSO;MEDIUM RANGE;PSO-1 [4X];Fixed-power 4x Russian-made medium range scope.
2486782157;BFH_ID_P_CAT_ACCESSORY;RarenessLevel_Standard;BFH_ID_P_ANAME_FLSHLIGHT;tec-9-flash-light;BFH_ID_P_ADESC_FLSHLIGHT;ACCESSORY;FLASH LIGHT;Lights up dark corners. Especially blinding against IRNV and FLIR optics.  Be careful as it can give your position away.
2490601045;BFH_ID_P_CAT_UNDERBARREL;RarenessLevel_Standard;BFH_ID_P_ANAME_VERTFOR;g36c-vertical-grip;BFH_ID_P_ADESC_VERTFOR;GRIP;VERTICAL GRIP;Vertical foregrip that provides greater stability when firing your weapon while moving.  Also makes the weapon slightly more stable in unaimed fire.
2871348664;BFH_ID_P_CAT_MEDIUMRANGE;RarenessLevel_Standard;BFH_ID_P_ANAME_ACOG;g36c-acog-4x;BFH_ID_P_ADESC_ACOG;MEDIUM RANGE;ACOG [4X];Fixed-power 4x Advanced Combat Optic Gunsight for use in bright to low light at medium range.
595298117;BFH_ID_P_CAT_MEDIUMRANGE;RarenessLevel_Standard;BFH_ID_P_ANAME_PKA;ump-45-pk-a-3-4x;BFH_ID_P_ADESC_PKA;MEDIUM RANGE;PO [3.5X];3.5x scope with a circle-and-dot reticle designed for medium to long range engagements.
1247013863;BFH_ID_P_CAT_ACCESSORY;RarenessLevel_Standard;BFH_ID_P_ANAME_FLSHLIGHT;hk45c-flash-light;BFH_ID_P_ADESC_FLSHLIGHT;ACCESSORY;FLASH LIGHT;Lights up dark corners. Especially blinding against IRNV and FLIR optics.  Be careful as it can give your position away.
467954790;BFH_ID_P_CAT_CLOSERANGE;RarenessLevel_Standard;BFH_ID_P_ANAME_PKAS;ump-45-pka-s-1x;BFH_ID_P_ADESC_PKAS;CLOSE RANGE;PK-AS [1X];Russian unmagnified holographic sight with excellent light gathering capabilities and a clear field of view.
1874195102;BFH_ID_P_CAT_CLOSERANGE;RarenessLevel_Standard;BFH_ID_P_ANAME_COYOTE;870p-marine-magnum-coyote-rds;BFH_ID_P_ADESC_COYOTE;CLOSE RANGE;;
4194019959;BFH_ID_P_CAT_LONGRANGE;RarenessLevel_Standard;BFH_ID_P_ANAME_RIFLE6X;r700ltr-rifle-scope-6x;BFH_ID_P_ADESC_RIFLE6X;LONG RANGE;;
626837146;BFH_ID_P_CAT_MEDIUMRANGE;RarenessLevel_Standard;BFH_ID_P_ANAME_PKA;870p-marine-magnum-pk-a-3-4x;BFH_ID_P_ADESC_PKA;MEDIUM RANGE;PO [3.5X];3.5x scope with a circle-and-dot reticle designed for medium to long range engagements.
1979621240;BFH_ID_P_CAT_ACCESSORY;RarenessLevel_Standard;BFH_ID_P_ANAME_FLSHLIGHT;saiga-308-flash-light;BFH_ID_P_ADESC_FLSHLIGHT;ACCESSORY;FLASH LIGHT;Lights up dark corners. Especially blinding against IRNV and FLIR optics.  Be careful as it can give your position away.
1524620035;BFH_ID_P_CAT_UNDERBARREL;RarenessLevel_Standard;BFH_ID_P_ANAME_FOLDFOR;m16a3-folding-grip;BFH_ID_P_ADESC_FOLDFOR;GRIP;;
3860108344;BFH_ID_P_CAT_ACCESSORY;RarenessLevel_Standard;BFH_ID_P_ANAME_FLSHLIGHT;r700ltr-flash-light;BFH_ID_P_ADESC_FLSHLIGHT;ACCESSORY;FLASH LIGHT;Lights up dark corners. Especially blinding against IRNV and FLIR optics.  Be careful as it can give your position away.
2627707248;BFH_ID_P_CAT_BARREL;RarenessLevel_Standard;BFH_ID_P_ANAME_MUZZLELIGHT;92fs-muzzle-brake;BFH_ID_P_ADESC_MUZZLELIGHT;MUZZLE;MUZZLE BRAKE;Reduces felt recoil, making the weapon more controllable in rapid fire.
1918364809;BFH_ID_P_CAT_MEDIUMRANGE;RarenessLevel_Standard;BFH_ID_P_ANAME_M145;r700ltr-m145-3-4x;BFH_ID_P_ADESC_M145;MEDIUM RANGE;M145 [3.4X];Fixed-power 3.4x Machine Gun Optic designed for medium to long range engagements.
4227576497;BFH_ID_P_CAT_MEDIUMRANGE;RarenessLevel_Standard;BFH_ID_P_ANAME_PSO;saiga-308-pso-1-4x;BFH_ID_P_ADESC_PSO;MEDIUM RANGE;PSO-1 [4X];Fixed-power 4x Russian-made medium range scope.
3087544083;BFH_ID_P_CAT_BARREL;RarenessLevel_Standard;BFH_ID_P_ANAME_PISTCOMPENSATOR;tec-9-compensator;BFH_ID_P_ADESC_PISTCOMPENSATOR;MUZZLE;COMPENSATOR;Reduces vertical recoil by venting muzzle gasses upwards, improving control at a cost to accuracy.
4138693171;BFH_ID_P_CAT_BARREL;RarenessLevel_Standard;BFH_ID_P_ANAME_MUZZLEBR;mg36-muzzle-brake;BFH_ID_P_ADESC_MUZZLEBR;MUZZLE;MUZZLE BRAKE;Reduces felt recoil, making the weapon more controllable in rapid fire.
1800986302;BFH_ID_P_CAT_CLOSERANGE;RarenessLevel_Standard;BFH_ID_P_ANAME_DELTA;92fs-delta-rds;BFH_ID_P_ADESC_DELTA;CLOSE RANGE;DELTA [RDS];Compact 3.5 MOA red dot sight for handguns featuring a triangular reticle.
289142923;BFH_ID_P_CAT_BARREL;RarenessLevel_Standard;BFH_ID_P_ANAME_FLSHIDER;hk45c-flash-hider;BFH_ID_P_ADESC_FLSHIDER;MUZZLE;FLASH HIDER;Reduces or eliminates muzzle flash, making it easier to see the target and harder for enemies to observe the shot origin.
2524313938;BFH_ID_P_CAT_CLOSERANGE;RarenessLevel_Standard;BFH_ID_P_ANAME_COYOTE;g36c-coyote-rds;BFH_ID_P_ADESC_COYOTE;CLOSE RANGE;;
1163200241;BFH_ID_P_CAT_BARREL;RarenessLevel_Standard;BFH_ID_P_ANAME_SILENCER;p90-suppressor;BFH_ID_P_ADESC_SILENCER;MUZZLE;SUPPRESSOR;Sound suppressor that decreases the audibility of muzzle reports and does not show your position on the minimap.  Also reduces bullet velocity and increases bullet drop.
132573131;BFH_ID_P_CAT_CLOSERANGE;RarenessLevel_Standard;BFH_ID_P_ANAME_COYOTE;r700ltr-coyote-rds;BFH_ID_P_ADESC_COYOTE;CLOSE RANGE;;
3903564547;BFH_ID_P_CAT_CLOSERANGE;RarenessLevel_Standard;BFH_ID_P_ANAME_RX01;uzi-reflex-rds;BFH_ID_P_ADESC_RX01;CLOSE RANGE;REFLEX [RDS];Red dot sight with a bright aiming point and clear sight picture for rapid target acquisition and tracking.
419383887;BFH_ID_P_CAT_ACCESSORY;RarenessLevel_Standard;BFH_ID_P_ANAME_TACLIGHT;g36c-tactical-light;BFH_ID_P_ADESC_TACLIGHT;ACCESSORY;TACTICAL LIGHT;Light automatically activated when you aim your weapon.  Especially blinding against IRNV and FLIR optics.  Can be toggled off for stealth.
377204232;BFH_ID_P_CAT_MEDIUMRANGE;RarenessLevel_Standard;BFH_ID_P_ANAME_COMPACT4X;p90-jgm-4-4x;BFH_ID_P_ADESC_COMPACT4X;MEDIUM RANGE;;
1000842685;BFH_ID_P_CAT_UNDERBARREL;RarenessLevel_Standard;BFH_ID_P_ANAME_POTATOFOR;ump-45-potato-grip;BFH_ID_P_ADESC_POTATOFOR;GRIP;;
1180733588;BFH_ID_P_CAT_ACCESSORY;RarenessLevel_Standard;BFH_ID_P_ANAME_FLSHLIGHT;g36c-flash-light;BFH_ID_P_ADESC_FLSHLIGHT;ACCESSORY;FLASH LIGHT;Lights up dark corners. Especially blinding against IRNV and FLIR optics.  Be careful as it can give your position away.
3283967673;BFH_ID_P_CAT_UNDERBARREL;RarenessLevel_Standard;BFH_ID_P_ANAME_STUBBFOR;mg36-stubby-grip;BFH_ID_P_ADESC_STUBBFOR;GRIP;STUBBY GRIP;The reduced length of this foregrip makes for a lightweight and strong point of control.  Improves accuracy by reducing the rapid fire penalty and slightly increases maneuverability.
13659091;BFH_ID_P_CAT_ACCESSORY;RarenessLevel_Standard;BFH_ID_P_NAME_EXTENDEDMAG;saiga-308-extended-magazine;BFH_ID_P_DESC_EXTENDEDMAG;ACCESSORY;EXTENDED MAGAZINE;Magazine with additional rounds for less frequent reloading.  Adds a slight penalty to maneuverability.
1201435784;BFH_ID_P_CAT_CLOSERANGE;RarenessLevel_Standard;BFH_ID_P_ANAME_EOTECH;mg36-holo-1x;BFH_ID_P_ADESC_EOTECH;CLOSE RANGE;HOLO [1X];A holographic open sight for up to mid-range engagements. The reticle features a .65 MOA ring with a 1 MOA dot.
654487772;BFH_ID_P_CAT_CLOSERANGE;RarenessLevel_Standard;BFH_ID_P_ANAME_EOTECH;akm-holo-1x;BFH_ID_P_ADESC_EOTECH;CLOSE RANGE;HOLO [1X];A holographic open sight for up to mid-range engagements. The reticle features a .65 MOA ring with a 1 MOA dot.
2254268430;BFH_ID_P_CAT_ACCESSORY;RarenessLevel_Standard;BFH_ID_P_ANAME_LASER;p90-laser-sight;BFH_ID_P_ADESC_LASER;ACCESSORY;LASER SIGHT;Bright red laser sight improves unaimed fire, making shots more predictable.
690003657;BFH_ID_P_CAT_CLOSERANGE;RarenessLevel_Standard;BFH_ID_P_ANAME_PKAS;saiga-308-pka-s-1x;BFH_ID_P_ADESC_PKAS;CLOSE RANGE;PK-AS [1X];Russian unmagnified holographic sight with excellent light gathering capabilities and a clear field of view.
3756944088;BFH_ID_P_CAT_MEDIUMRANGE;RarenessLevel_Standard;BFH_ID_P_ANAME_PKA;m16a3-pk-a-3-4x;BFH_ID_P_ADESC_PKA;MEDIUM RANGE;PO [3.5X];3.5x scope with a circle-and-dot reticle designed for medium to long range engagements.
3081253178;BFH_ID_P_CAT_CLOSERANGE;RarenessLevel_Standard;BFH_ID_P_ANAME_PKAS;mg36-pka-s-1x;BFH_ID_P_ADESC_PKAS;CLOSE RANGE;PK-AS [1X];Russian unmagnified holographic sight with excellent light gathering capabilities and a clear field of view.
3864674026;BFH_ID_P_CAT_ACCESSORY;RarenessLevel_Standard;BFH_ID_P_ANAME_LASER;akm-laser-sight;BFH_ID_P_ADESC_LASER;ACCESSORY;LASER SIGHT;Bright red laser sight improves unaimed fire, making shots more predictable.
365745507;BFH_ID_P_CAT_UNDERBARREL;RarenessLevel_Standard;BFH_ID_P_ANAME_FOLDFOR;ump-45-folding-grip;BFH_ID_P_ADESC_FOLDFOR;GRIP;;
1141776610;BFH_ID_P_CAT_MEDIUMRANGE;RarenessLevel_Standard;BFH_ID_P_ANAME_PRISMATIC;ump-45-prisma-3-4x;BFH_ID_P_ADESC_PRISMATIC;MEDIUM RANGE;;
990791048;BFH_ID_P_CAT_ACCESSORY;RarenessLevel_Standard;BFH_ID_P_ANAME_TACLIGHT;r700ltr-tactical-light;BFH_ID_P_ADESC_TACLIGHT;ACCESSORY;TACTICAL LIGHT;Light automatically activated when you aim your weapon.  Especially blinding against IRNV and FLIR optics.  Can be toggled off for stealth.
3103987070;BFH_ID_P_CAT_ACCESSORY;RarenessLevel_Standard;BFH_ID_P_ANAME_LASER;m16a3-laser-sight;BFH_ID_P_ADESC_LASER;ACCESSORY;LASER SIGHT;Bright red laser sight improves unaimed fire, making shots more predictable.
774540031;BFH_ID_P_CAT_CLOSERANGE;RarenessLevel_Standard;BFH_ID_P_ANAME_TRUBRITE;r700ltr-hd-33-1x;BFH_ID_P_ADESC_TRUBRITE;CLOSE RANGE;;
1416051267;BFH_ID_P_CAT_CLOSERANGE;RarenessLevel_Standard;BFH_ID_P_ANAME_RX01;g36c-reflex-rds;BFH_ID_P_ADESC_RX01;CLOSE RANGE;REFLEX [RDS];Red dot sight with a bright aiming point and clear sight picture for rapid target acquisition and tracking.
186626102;BFH_ID_P_CAT_ACCESSORY;RarenessLevel_Standard;BFH_ID_P_ANAME_LASER;ptr-91-laser-sight;BFH_ID_P_ADESC_LASER;ACCESSORY;LASER SIGHT;Bright red laser sight improves unaimed fire, making shots more predictable.
342881373;BFH_ID_P_CAT_UNDERBARREL;RarenessLevel_Standard;BFH_ID_P_ANAME_NOUNDERBARREL;no-attachment;BFH_ID_P_ADESC_NOUNDERBARREL;GRIP;NO ATTACHMENT;No attachment selected.
1598862928;BFH_ID_P_CAT_BARREL;RarenessLevel_Standard;BFH_ID_P_ANAME_MUZZLEBR;ump-45-muzzle-brake;BFH_ID_P_ADESC_MUZZLEBR;MUZZLE;MUZZLE BRAKE;Reduces felt recoil, making the weapon more controllable in rapid fire.
2562594049;BFH_ID_P_CAT_LONGRANGE;RarenessLevel_Standard;BFH_ID_P_ANAME_RIFLE;saiga-308-rifle-scope-8x;BFH_ID_P_ADESC_RIFLE;LONG RANGE;RIFLE SCOPE [8X];US-made 8x magnification rifle scope with ballistic drop compensator to aid in long range fire.
1589678944;BFH_ID_P_CAT_CLOSERANGE;RarenessLevel_Standard;BFH_ID_P_ANAME_TRUBRITE;mg36-hd-33-1x;BFH_ID_P_ADESC_TRUBRITE;CLOSE RANGE;;
782984971;BFH_ID_P_CAT_MEDIUMRANGE;RarenessLevel_Standard;BFH_ID_P_ANAME_PRISMATIC;mg36-prisma-3-4x;BFH_ID_P_ADESC_PRISMATIC;MEDIUM RANGE;;
3353299258;BFH_ID_P_CAT_BARREL;RarenessLevel_Standard;BFH_ID_P_ANAME_FLSHIDER;tec-9-flash-hider;BFH_ID_P_ADESC_FLSHIDER;MUZZLE;FLASH HIDER;Reduces or eliminates muzzle flash, making it easier to see the target and harder for enemies to observe the shot origin.
1078258169;BFH_ID_P_CAT_ACCESSORY;RarenessLevel_Standard;BFH_ID_P_NAME_EXTENDEDMAG;tec-9-extended-magazine;BFH_ID_P_DESC_EXTENDEDMAG;ACCESSORY;EXTENDED MAGAZINE;Magazine with additional rounds for less frequent reloading.  Adds a slight penalty to maneuverability.
734482860;BFH_ID_P_CAT_ACCESSORY;RarenessLevel_Standard;BFH_ID_P_NAME_EXTENDEDMAG;r700ltr-extended-magazine;BFH_ID_P_DESC_EXTENDEDMAG;ACCESSORY;EXTENDED MAGAZINE;Magazine with additional rounds for less frequent reloading.  Adds a slight penalty to maneuverability.
3589192789;BFH_ID_P_CAT_CLOSERANGE;RarenessLevel_Standard;BFH_ID_P_ANAME_KOBRA;p90-kobra-rds;BFH_ID_P_ADESC_KOBRA;CLOSE RANGE;KOBRA [RDS];Russian reflex sight with a T bar reticle designed for CQB that keeps the point of aim clear.
1409694823;BFH_ID_P_CAT_UNDERBARREL;RarenessLevel_Standard;BFH_ID_P_ANAME_ANGLFOR;g36c-angled-grip;BFH_ID_P_ADESC_ANGLFOR;GRIP;ANGLED GRIP;Angled foregrip that positions the shooter's off hand high on the centerline of the bore.  Improves control by reducing first shot recoil.
1392067873;BFH_ID_P_CAT_ACCESSORY;RarenessLevel_Standard;BFH_ID_P_NAME_EXTENDEDMAG;p90-extended-magazine;BFH_ID_P_DESC_EXTENDEDMAG;ACCESSORY;EXTENDED MAGAZINE;Magazine with additional rounds for less frequent reloading.  Adds a slight penalty to maneuverability.
2587448607;BFH_ID_P_CAT_BARREL;RarenessLevel_Standard;BFH_ID_P_ANAME_FLSHIDER;r700ltr-flash-hider;BFH_ID_P_ADESC_FLSHIDER;MUZZLE;FLASH HIDER;Reduces or eliminates muzzle flash, making it easier to see the target and harder for enemies to observe the shot origin.
3190418599;BFH_ID_P_CAT_CLOSERANGE;RarenessLevel_Standard;BFH_ID_P_ANAME_RX01;ptr-91-reflex-rds;BFH_ID_P_ADESC_RX01;CLOSE RANGE;REFLEX [RDS];Red dot sight with a bright aiming point and clear sight picture for rapid target acquisition and tracking.
3708795357;BFH_ID_P_CAT_CLOSERANGE;RarenessLevel_Standard;BFH_ID_P_ANAME_KOBRA;g36c-kobra-rds;BFH_ID_P_ADESC_KOBRA;CLOSE RANGE;KOBRA [RDS];Russian reflex sight with a T bar reticle designed for CQB that keeps the point of aim clear.
3530071475;BFH_ID_P_CAT_MEDIUMRANGE;RarenessLevel_Standard;BFH_ID_P_ANAME_PRISMATIC;saiga-308-prisma-3-4x;BFH_ID_P_ADESC_PRISMATIC;MEDIUM RANGE;;
695053837;BFH_ID_P_CAT_MEDIUMRANGE;RarenessLevel_Standard;BFH_ID_P_ANAME_M145;ump-45-m145-3-4x;BFH_ID_P_ADESC_M145;MEDIUM RANGE;M145 [3.4X];Fixed-power 3.4x Machine Gun Optic designed for medium to long range engagements.
4085636643;BFH_ID_P_CAT_UNDERBARREL;RarenessLevel_Standard;BFH_ID_P_ANAME_BIPODSNIP;r700ltr-bipod;BFH_ID_P_ADESC_BIPODSNIP;GRIP;;
1621079175;BFH_ID_P_CAT_UNDERBARREL;RarenessLevel_Standard;BFH_ID_P_ANAME_POTATOFOR;uzi-potato-grip;BFH_ID_P_ADESC_POTATOFOR;GRIP;;
1853198564;BFH_ID_P_CAT_ACCESSORY;RarenessLevel_Standard;BFH_ID_P_ANAME_LASER;uzi-laser-sight;BFH_ID_P_ADESC_LASER;ACCESSORY;LASER SIGHT;Bright red laser sight improves unaimed fire, making shots more predictable.
93339582;BFH_ID_P_CAT_UNDERBARREL;RarenessLevel_Standard;BFH_ID_P_ANAME_ANGLFOR;ump-45-angled-grip;BFH_ID_P_ADESC_ANGLFOR;GRIP;ANGLED GRIP;Angled foregrip that positions the shooter's off hand high on the centerline of the bore.  Improves control by reducing first shot recoil.
1831057008;BFH_ID_P_CAT_ACCESSORY;RarenessLevel_Standard;BFH_ID_P_ANAME_NORAIL;no-accessory;BFH_ID_P_ADESC_NORAIL;ACCESSORY;NO ACCESSORY;No accessory selected.
997580593;BFH_ID_P_CAT_BARREL;RarenessLevel_Standard;BFH_ID_P_ANAME_SILENCER;ptr-91-suppressor;BFH_ID_P_ADESC_SILENCER;MUZZLE;SUPPRESSOR;Sound suppressor that decreases the audibility of muzzle reports and does not show your position on the minimap.  Also reduces bullet velocity and increases bullet drop.
3199396823;BFH_ID_P_CAT_MEDIUMRANGE;RarenessLevel_Standard;BFH_ID_P_ANAME_PKA;ptr-91-pk-a-3-4x;BFH_ID_P_ADESC_PKA;MEDIUM RANGE;PO [3.5X];3.5x scope with a circle-and-dot reticle designed for medium to long range engagements.
430947271;BFH_ID_P_CAT_ACCESSORY;RarenessLevel_Standard;BFH_ID_P_NAME_EXTENDEDMAG;mg36-extended-magazine;BFH_ID_P_DESC_EXTENDEDMAG;ACCESSORY;EXTENDED MAGAZINE;Magazine with additional rounds for less frequent reloading.  Adds a slight penalty to maneuverability.
3908553768;BFH_ID_P_CAT_CLOSERANGE;RarenessLevel_Standard;BFH_ID_P_ANAME_TRUBRITE;saiga-308-hd-33-1x;BFH_ID_P_ADESC_TRUBRITE;CLOSE RANGE;;
900287047;BFH_ID_P_CAT_CLOSERANGE;RarenessLevel_Standard;BFH_ID_P_ANAME_TRUBRITE;akm-hd-33-1x;BFH_ID_P_ADESC_TRUBRITE;CLOSE RANGE;;
3290130968;BFH_ID_P_CAT_MEDIUMRANGE;RarenessLevel_Standard;BFH_ID_P_ANAME_PKA;p90-pk-a-3-4x;BFH_ID_P_ADESC_PKA;MEDIUM RANGE;PO [3.5X];3.5x scope with a circle-and-dot reticle designed for medium to long range engagements.
1888958559;BFH_ID_P_CAT_CLOSERANGE;RarenessLevel_Standard;BFH_ID_P_ANAME_TRUBRITE;ptr-91-hd-33-1x;BFH_ID_P_ADESC_TRUBRITE;CLOSE RANGE;;
4265248579;BFH_ID_P_CAT_CLOSERANGE;RarenessLevel_Standard;BFH_ID_P_ANAME_GHOSTRING;92fs-ghost-ring;BFH_ID_P_ADESC_GHOSTRING;CLOSE RANGE;IMPROVED IRON SIGHTS;Replaces the standard iron sights with a set of rapid acquisition Improved Iron Sights for a clear sight picture.
2036630595;BFH_ID_P_CAT_MEDIUMRANGE;RarenessLevel_Standard;BFH_ID_P_ANAME_PRISMATIC;ptr-91-prisma-3-4x;BFH_ID_P_ADESC_PRISMATIC;MEDIUM RANGE;;
607041621;BFH_ID_P_CAT_CLOSERANGE;RarenessLevel_Standard;BFH_ID_P_ANAME_RX01;r700ltr-reflex-rds;BFH_ID_P_ADESC_RX01;CLOSE RANGE;REFLEX [RDS];Red dot sight with a bright aiming point and clear sight picture for rapid target acquisition and tracking.
3142889255;BFH_ID_P_CAT_UNDERBARREL;RarenessLevel_Standard;BFH_ID_P_ANAME_FOLDFOR;akm-folding-grip;BFH_ID_P_ADESC_FOLDFOR;GRIP;;
908157035;BFH_ID_P_CAT_BARREL;RarenessLevel_Standard;BFH_ID_P_ANAME_MUZZLEBR;870p-marine-magnum-muzzle-brake;BFH_ID_P_ADESC_MUZZLEBR;MUZZLE;MUZZLE BRAKE;Reduces felt recoil, making the weapon more controllable in rapid fire.
2860889778;BFH_ID_P_CAT_ACCESSORY;RarenessLevel_Standard;BFH_ID_P_ANAME_PISTLASER;tec-9-laser-sight;BFH_ID_P_ADESC_PISTLASER;ACCESSORY;;
2408567604;BFH_ID_P_CAT_CLOSERANGE;RarenessLevel_Standard;BFH_ID_P_ANAME_COYOTE;saiga-308-coyote-rds;BFH_ID_P_ADESC_COYOTE;CLOSE RANGE;;
2550923155;BFH_ID_P_CAT_CLOSERANGE;RarenessLevel_Standard;BFH_ID_P_ANAME_COYOTE;akm-coyote-rds;BFH_ID_P_ADESC_COYOTE;CLOSE RANGE;;
2892647984;BFH_ID_P_CAT_UNDERBARREL;RarenessLevel_Standard;BFH_ID_P_ANAME_BIPOD;mg36-bipod;BFH_ID_P_ADESC_BIPOD;GRIP;;
89194212;BFH_ID_P_CAT_BARREL;RarenessLevel_Standard;BFH_ID_P_ANAME_HEAVYBARREL;akm-heavy-barrel;BFH_ID_P_ADESC_HEAVYBARREL;MUZZLE;HEAVY BARREL;Free floating heavy barrel improves aimed fire accuracy and slightly decreases recoil, but decreases maneuverability.
1116197736;BFH_ID_P_CAT_CLOSERANGE;RarenessLevel_Standard;BFH_ID_P_ANAME_KOBRA;akm-kobra-rds;BFH_ID_P_ADESC_KOBRA;CLOSE RANGE;KOBRA [RDS];Russian reflex sight with a T bar reticle designed for CQB that keeps the point of aim clear.
3346378755;BFH_ID_P_CAT_LONGRANGE;RarenessLevel_Standard;BFH_ID_P_ANAME_RIFLE;ptr-91-rifle-scope-8x;BFH_ID_P_ADESC_RIFLE;LONG RANGE;RIFLE SCOPE [8X];US-made 8x magnification rifle scope with ballistic drop compensator to aid in long range fire.
813568451;BFH_ID_P_CAT_LONGRANGE;RarenessLevel_Standard;BFH_ID_P_ANAME_PKS07;r700ltr-pks-07-7x;BFH_ID_P_ADESC_PKS07;LONG RANGE;PKS-07 [7X];7x magnification Russian marksman daylight scope for engaging targets over long distances.
2136819332;BFH_ID_P_CAT_MEDIUMRANGE;RarenessLevel_Standard;BFH_ID_P_ANAME_ACOG;870p-marine-magnum-acog-4x;BFH_ID_P_ADESC_ACOG;MEDIUM RANGE;ACOG [4X];Fixed-power 4x Advanced Combat Optic Gunsight for use in bright to low light at medium range.
1187502763;BFH_ID_P_CAT_CLOSERANGE;RarenessLevel_Standard;BFH_ID_P_ANAME_RX01;ump-45-reflex-rds;BFH_ID_P_ADESC_RX01;CLOSE RANGE;REFLEX [RDS];Red dot sight with a bright aiming point and clear sight picture for rapid target acquisition and tracking.
2037519223;BFH_ID_P_CAT_CLOSERANGE;RarenessLevel_Standard;BFH_ID_P_ANAME_EOTECH;ptr-91-holo-1x;BFH_ID_P_ADESC_EOTECH;CLOSE RANGE;HOLO [1X];A holographic open sight for up to mid-range engagements. The reticle features a .65 MOA ring with a 1 MOA dot.
959938067;BFH_ID_P_CAT_CLOSERANGE;RarenessLevel_Standard;BFH_ID_P_ANAME_EOTECH;saiga-308-holo-1x;BFH_ID_P_ADESC_EOTECH;CLOSE RANGE;HOLO [1X];A holographic open sight for up to mid-range engagements. The reticle features a .65 MOA ring with a 1 MOA dot.
632431253;BFH_ID_P_CAT_UNDERBARREL;RarenessLevel_Standard;BFH_ID_P_ANAME_ERGOFOR;g36c-ergo-grip;BFH_ID_P_ADESC_ERGOFOR;GRIP;;
1263834325;BFH_ID_P_CAT_CLOSERANGE;RarenessLevel_Standard;BFH_ID_P_ANAME_TRUBRITE;g36c-hd-33-1x;BFH_ID_P_ADESC_TRUBRITE;CLOSE RANGE;;
3801343195;BFH_ID_P_CAT_BARREL;RarenessLevel_Standard;BFH_ID_P_ANAME_FLSHIDER;akm-flash-hider;BFH_ID_P_ADESC_FLSHIDER;MUZZLE;FLASH HIDER;Reduces or eliminates muzzle flash, making it easier to see the target and harder for enemies to observe the shot origin.
1811698231;BFH_ID_P_CAT_BARREL;RarenessLevel_Standard;BFH_ID_P_ANAME_NOBARREL;standard-barrel;BFH_ID_P_ADESC_NOBARREL;MUZZLE;STANDARD BARREL;Standard barrel, no attachment selected.
1235800553;BFH_ID_P_CAT_MEDIUMRANGE;RarenessLevel_Standard;BFH_ID_P_ANAME_PKA;r700ltr-pk-a-3-4x;BFH_ID_P_ADESC_PKA;MEDIUM RANGE;PO [3.5X];3.5x scope with a circle-and-dot reticle designed for medium to long range engagements.
1809475086;BFH_ID_P_CAT_BARREL;RarenessLevel_Standard;BFH_ID_P_ANAME_MUZZLEBR;g36c-muzzle-brake;BFH_ID_P_ADESC_MUZZLEBR;MUZZLE;MUZZLE BRAKE;Reduces felt recoil, making the weapon more controllable in rapid fire.
3574974013;BFH_ID_P_CAT_UNDERBARREL;RarenessLevel_Standard;BFH_ID_P_ANAME_ANGLFOR;uzi-angled-grip;BFH_ID_P_ADESC_ANGLFOR;GRIP;ANGLED GRIP;Angled foregrip that positions the shooter's off hand high on the centerline of the bore.  Improves control by reducing first shot recoil.
424871011;BFH_ID_P_CAT_CLOSERANGE;RarenessLevel_Standard;BFH_ID_P_ANAME_KOBRA;uzi-kobra-rds;BFH_ID_P_ADESC_KOBRA;CLOSE RANGE;KOBRA [RDS];Russian reflex sight with a T bar reticle designed for CQB that keeps the point of aim clear.
2840566677;BFH_ID_P_CAT_CLOSERANGE;RarenessLevel_Standard;BFH_ID_P_ANAME_RX01;mg36-reflex-rds;BFH_ID_P_ADESC_RX01;CLOSE RANGE;REFLEX [RDS];Red dot sight with a bright aiming point and clear sight picture for rapid target acquisition and tracking.
3424374782;BFH_ID_P_CAT_UNDERBARREL;RarenessLevel_Standard;BFH_ID_P_ANAME_VERTFOR;ump-45-vertical-grip;BFH_ID_P_ADESC_VERTFOR;GRIP;VERTICAL GRIP;Vertical foregrip that provides greater stability when firing your weapon while moving.  Also makes the weapon slightly more stable in unaimed fire.
1732138141;BFH_ID_P_CAT_CLOSERANGE;RarenessLevel_Standard;BFH_ID_P_ANAME_EOTECH;r700ltr-holo-1x;BFH_ID_P_ADESC_EOTECH;CLOSE RANGE;HOLO [1X];A holographic open sight for up to mid-range engagements. The reticle features a .65 MOA ring with a 1 MOA dot.
1303626617;BFH_ID_P_CAT_MEDIUMRANGE;RarenessLevel_Standard;BFH_ID_P_ANAME_COMPACT4X;ptr-91-jgm-4-4x;BFH_ID_P_ADESC_COMPACT4X;MEDIUM RANGE;;
343717741;BFH_ID_P_CAT_MEDIUMRANGE;RarenessLevel_Standard;BFH_ID_P_ANAME_ACOG;p90-acog-4x;BFH_ID_P_ADESC_ACOG;MEDIUM RANGE;ACOG [4X];Fixed-power 4x Advanced Combat Optic Gunsight for use in bright to low light at medium range.
3461376960;BFH_ID_P_CAT_ACCESSORY;RarenessLevel_Standard;BFH_ID_P_NAME_EXTENDEDMAG;g36c-extended-magazine;BFH_ID_P_DESC_EXTENDEDMAG;ACCESSORY;EXTENDED MAGAZINE;Magazine with additional rounds for less frequent reloading.  Adds a slight penalty to maneuverability.
2030705057;BFH_ID_P_CAT_MEDIUMRANGE;RarenessLevel_Standard;BFH_ID_P_ANAME_M145;870p-marine-magnum-m145-3-4x;BFH_ID_P_ADESC_M145;MEDIUM RANGE;M145 [3.4X];Fixed-power 3.4x Machine Gun Optic designed for medium to long range engagements.
397919576;BFH_ID_P_CAT_MEDIUMRANGE;RarenessLevel_Standard;BFH_ID_P_ANAME_PKA;uzi-pk-a-3-4x;BFH_ID_P_ADESC_PKA;MEDIUM RANGE;PO [3.5X];3.5x scope with a circle-and-dot reticle designed for medium to long range engagements.
800764619;BFH_ID_P_CAT_MEDIUMRANGE;RarenessLevel_Standard;BFH_ID_P_ANAME_M145;m16a3-m145-3-4x;BFH_ID_P_ADESC_M145;MEDIUM RANGE;M145 [3.4X];Fixed-power 3.4x Machine Gun Optic designed for medium to long range engagements.
2478167477;BFH_ID_P_CAT_UNDERBARREL;RarenessLevel_Standard;BFH_ID_P_ANAME_STUBBFOR;g36c-stubby-grip;BFH_ID_P_ADESC_STUBBFOR;GRIP;STUBBY GRIP;The reduced length of this foregrip makes for a lightweight and strong point of control.  Improves accuracy by reducing the rapid fire penalty and slightly increases maneuverability.
1485613794;BFH_ID_P_CAT_ACCESSORY;RarenessLevel_Standard;BFH_ID_P_ANAME_TACLIGHT;870p-marine-magnum-tactical-light;BFH_ID_P_ADESC_TACLIGHT;ACCESSORY;TACTICAL LIGHT;Light automatically activated when you aim your weapon.  Especially blinding against IRNV and FLIR optics.  Can be toggled off for stealth.
2178979364;BFH_ID_P_CAT_CLOSERANGE;RarenessLevel_Standard;BFH_ID_P_ANAME_PKAS;g36c-pka-s-1x;BFH_ID_P_ADESC_PKAS;CLOSE RANGE;PK-AS [1X];Russian unmagnified holographic sight with excellent light gathering capabilities and a clear field of view.
1528904525;BFH_ID_P_CAT_MEDIUMRANGE;RarenessLevel_Standard;BFH_ID_P_ANAME_PRISMATIC;uzi-prisma-3-4x;BFH_ID_P_ADESC_PRISMATIC;MEDIUM RANGE;;
4048531508;BFH_ID_P_CAT_CLOSERANGE;RarenessLevel_Standard;BFH_ID_P_ANAME_DELTA;hk45c-delta-rds;BFH_ID_P_ADESC_DELTA;CLOSE RANGE;DELTA [RDS];Compact 3.5 MOA red dot sight for handguns featuring a triangular reticle.
2188724206;BFH_ID_P_CAT_CLOSERANGE;RarenessLevel_Standard;BFH_ID_P_ANAME_RX01;m16a3-reflex-rds;BFH_ID_P_ADESC_RX01;CLOSE RANGE;REFLEX [RDS];Red dot sight with a bright aiming point and clear sight picture for rapid target acquisition and tracking.
2772056878;BFH_ID_P_CAT_MEDIUMRANGE;RarenessLevel_Standard;BFH_ID_P_ANAME_COMPACT4X;r700ltr-jgm-4-4x;BFH_ID_P_ADESC_COMPACT4X;MEDIUM RANGE;;
2007418271;BFH_ID_P_CAT_MEDIUMRANGE;RarenessLevel_Standard;BFH_ID_P_ANAME_ACOG;ptr-91-acog-4x;BFH_ID_P_ADESC_ACOG;MEDIUM RANGE;ACOG [4X];Fixed-power 4x Advanced Combat Optic Gunsight for use in bright to low light at medium range.
1346788167;BFH_ID_P_CAT_MEDIUMRANGE;RarenessLevel_Standard;BFH_ID_P_ANAME_COMPACT4X;uzi-jgm-4-4x;BFH_ID_P_ADESC_COMPACT4X;MEDIUM RANGE;;
3085435574;BFH_ID_P_CAT_ACCESSORY;RarenessLevel_Standard;BFH_ID_P_ANAME_FLSHLIGHT;mg36-flash-light;BFH_ID_P_ADESC_FLSHLIGHT;ACCESSORY;FLASH LIGHT;Lights up dark corners. Especially blinding against IRNV and FLIR optics.  Be careful as it can give your position away.
2251758096;BFH_ID_P_CAT_ACCESSORY;RarenessLevel_Standard;BFH_ID_P_NAME_EXTENDEDMAG;uzi-extended-magazine;BFH_ID_P_DESC_EXTENDEDMAG;ACCESSORY;EXTENDED MAGAZINE;Magazine with additional rounds for less frequent reloading.  Adds a slight penalty to maneuverability.
766441791;BFH_ID_P_CAT_CLOSERANGE;RarenessLevel_Standard;BFH_ID_P_ANAME_RX01;p90-reflex-rds;BFH_ID_P_ADESC_RX01;CLOSE RANGE;REFLEX [RDS];Red dot sight with a bright aiming point and clear sight picture for rapid target acquisition and tracking.
322472410;BFH_ID_P_CAT_MEDIUMRANGE;RarenessLevel_Standard;BFH_ID_P_ANAME_M145;uzi-m145-3-4x;BFH_ID_P_ADESC_M145;MEDIUM RANGE;M145 [3.4X];Fixed-power 3.4x Machine Gun Optic designed for medium to long range engagements.
2522137001;BFH_ID_P_CAT_MEDIUMRANGE;RarenessLevel_Standard;BFH_ID_P_ANAME_COMPACT4X;mg36-jgm-4-4x;BFH_ID_P_ADESC_COMPACT4X;MEDIUM RANGE;;
2292493969;BFH_ID_P_CAT_BARREL;RarenessLevel_Standard;BFH_ID_P_ANAME_COMPENSATOR;870p-marine-magnum-compensator;BFH_ID_P_ADESC_COMPENSATOR;MUZZLE;COMPENSATOR;Reduces vertical recoil by venting muzzle gasses upwards, improving control at a cost to accuracy.
3810701328;BFH_ID_P_CAT_CLOSERANGE;RarenessLevel_Standard;BFH_ID_P_ANAME_EOTECH;870p-marine-magnum-holo-1x;BFH_ID_P_ADESC_EOTECH;CLOSE RANGE;HOLO [1X];A holographic open sight for up to mid-range engagements. The reticle features a .65 MOA ring with a 1 MOA dot.
774518511;BFH_ID_P_CAT_BARREL;RarenessLevel_Standard;BFH_ID_P_ANAME_PISTSILEN;92fs-suppressor;BFH_ID_P_ADESC_PISTSILEN;MUZZLE;SUPPRESSOR;Pistol silencer that increases stealth by hiding your muzzle report and position on the minimap. Reduces bullet velocity and increases bullet drop.
4013450684;BFH_ID_P_CAT_ACCESSORY;RarenessLevel_Standard;BFH_ID_P_ANAME_TACLIGHT;m16a3-tactical-light;BFH_ID_P_ADESC_TACLIGHT;ACCESSORY;TACTICAL LIGHT;Light automatically activated when you aim your weapon.  Especially blinding against IRNV and FLIR optics.  Can be toggled off for stealth.
619791561;BFH_ID_P_CAT_LONGRANGE;RarenessLevel_Standard;BFH_ID_P_ANAME_PKS07;ptr-91-pks-07-7x;BFH_ID_P_ADESC_PKS07;LONG RANGE;PKS-07 [7X];7x magnification Russian marksman daylight scope for engaging targets over long distances.
1136865400;BFH_ID_P_CAT_ACCESSORY;RarenessLevel_Standard;BFH_ID_P_ANAME_TACLIGHT;saiga-308-tactical-light;BFH_ID_P_ADESC_TACLIGHT;ACCESSORY;TACTICAL LIGHT;Light automatically activated when you aim your weapon.  Especially blinding against IRNV and FLIR optics.  Can be toggled off for stealth.
